Index,JP,UK,US,Euro,Pac,,,,,,
1981-12-31,0.00074834,-0.00210975,-0.013083,0.0005016,-0.00041632,,0.0748194686,-0.211022994,-1.3083764749,0.0501484825,-0.0416374064
1982-01-29,-0.00567046,0.00521284,-0.0140998,0.00133945,-0.0096348,,-0.5670862711,0.5210770201,-1.4100175487,0.1339943826,-0.9632940781
1982-02-26,-0.01398975,-0.00491499,-0.02017268,0.00246426,-0.01032865,,-1.3988963179,-0.4912821972,-2.0173623881,0.2464001345,-1.0331616557
1982-03-31,-0.0151514,-4.53157894736842e-05,-0.0010820526,-0.0027758211,-0.0050883158,,-1.515183624,-0.0045327328,-0.1082028387,-0.2776606492,-0.5086857634
1982-04-30,0.0196818526,0.0021877474,0.0165895579,0.003312,0.0168709474,,1.9683768218,0.2186716505,1.6590184048,0.3312602119,1.687018349
1982-05-31,-0.0100344385,0.0041155352,-0.0150077676,-0.0032953584,0.0009775813,,-1.0037856155,0.4114181864,-1.5008017721,-0.3294596386,0.0977407085
1982-06-30,-0.0103186507,-0.0044541838,-0.0018054415,-0.005227576,-0.0099375855,,-1.0318790504,-0.4454194839,-0.1805642931,-0.5225699749,-0.993506319
1982-07-30,-0.0046580842,0.0051742737,-0.0229581158,4.42105263157895e-05,-0.0032664316,,-0.4657588105,0.5172821059,-2.2958893539,0.0044195859,-0.3267608546
1982-08-31,0.0007095,-0.00128248,0.05734296,0.00105711,-0.00625416,,0.0709606374,-0.1281858505,5.7346508171,0.1057459263,-0.6252821985
1982-09-30,-0.00558208,0.00411144,0.01295555,-1.102e-05,0.0052096,,-0.5583099466,0.4111706321,1.2954491558,-0.0011023463,0.5209365429
1982-10-29,-0.0013224705,0.0024161577,0.0539268026,0.0012677139,-0.0045878232,,-0.1322470941,0.2416929058,5.3921370119,0.1268932703,-0.4587907712
1982-11-30,0.0324794579,-0.0009080108,0.0183814981,0.0010788079,-0.003489979,,3.2483488278,-0.0907605851,1.8381140107,0.1078290116,-0.3491080851
1982-12-31,0.02260995,0.00011359,0.00972648,0.00321555,0.00960432,,2.2609356318,0.0113663649,0.9726488824,0.3216177261,0.960238363
1983-01-31,-0.0075084108,-0.0003056706,0.0157268227,0.0019794479,0.0130767477,,-0.7506839656,-0.0305754559,1.5725807015,0.1981064681,1.307893357
1983-02-28,0.0043325264,0.0003980716,0.0260368448,0.0012234178,-0.0049675556,,0.4333093875,0.0397982901,2.6035281519,0.1224611046,-0.4967464589
1983-03-31,0.0061427317,-0.0002599024,0.0259284293,0.002994322,-0.0066143415,,0.6143694843,-0.0260013145,2.5926424799,0.2994132063,-0.6614023311
1983-04-29,0.00218592,0.00883858,0.04404116,0.00279543,0.02154,,0.2186021656,0.8843192296,4.4040461272,0.2793349643,2.154167084
1983-05-31,-0.00219992,0.00263998,-0.00024812,-0.00059042,0.00281106,,-0.2199884478,0.2638273031,-0.0248130383,-0.0590698542,0.281103592
1983-06-30,0.0021112,0.00023519,0.02510376,0.0015158,0.00259729,,0.2110912807,0.0235257834,2.5103784603,0.1515978702,0.2597001871
1983-07-29,-6.306e-05,-0.00314785,-0.0235524,0.00041633,0.01649094,,-0.0063065213,-0.3148692778,-2.3551630646,0.0416473815,1.6487769667
1983-08-31,-0.0002317651,-0.000937154,0.0093446479,-0.0008217872,0.0086941375,,-0.0231684535,-0.0936682386,0.9345396869,-0.0822010386,0.8693417604
1983-09-30,0.0105682857,0.0019460381,0.0075641905,0.001014,0.0016407619,,1.0568650873,0.1945796421,0.7564519247,0.1013704459,0.1640668997
1983-10-31,0.0037744842,-0.0003417789,-0.0076848947,-0.0003332526,0.0009556105,,0.3775407808,-0.0341209177,-0.7684481676,-0.0333473839,0.0955673224
1983-11-30,-3.54e-05,0.00367763,0.02435895,0.00114151,0.01175466,,-0.0035388877,0.3679052605,2.4358739879,0.1142518537,1.1751881802
1983-12-31,0.0156563089,0.0023150176,0.0038345491,0.0002771736,0.0071308447,,1.5658936851,0.2314916605,0.383466273,0.0277092853,0.7129522448
1984-01-31,0.0008468647,0.0053943394,0.009590119,0.0038262826,0.0118934893,,0.0846939655,0.5396376378,0.9589404658,0.3826043694,1.1894159194
1984-02-29,-0.0025517,0.00400374,-0.01639073,0.00269926,-0.00448137,,-0.2552592165,0.4005342371,-1.6389633424,0.2698554452,-0.4480657323
1984-03-30,0.02241456,0.00059058,0.00669178,0.0017864,0.00163609,,2.2409376234,0.0590415048,0.6691665055,0.1787002493,0.1636543351
1984-04-30,-0.00523446,-6.237e-05,0.010998,-0.000513,0.00144158,,-0.5234495691,-0.0062380755,1.0998627028,-0.0513035837,0.144116909
1984-05-31,-0.022389519,-0.003439744,-0.0334324032,-0.002169977,-0.0145448145,,-2.2389954054,-0.343853778,-3.3431403708,-0.2171453681,-1.4543234143
1984-06-29,-0.00158237,0.00040392,0.00890975,-0.0004752,-0.00247416,,-0.1582001042,0.0404379179,0.8909388713,-0.047512588,-0.2474987573
1984-07-31,-0.01281644,-0.00132066,-0.01566732,-0.00196874,0.0006624,,-1.2815792349,-0.1322584373,-1.5666683964,-0.1968384644,0.066242585
1984-08-31,0.0128445145,0.0019074107,0.0697885789,0.0042910791,0.0119149915,,1.2844281212,0.1910495931,6.9785257831,0.4291308591,1.1914146133
1984-09-28,-0.0064364211,-0.0004431368,0.0115476632,-0.0004257053,-0.0012100421,,-0.6434834843,-0.044356406,1.1548547352,-0.0425481824,-0.1210002334
1984-10-31,0.0089613333,0.0005356952,-0.0009554,0.0001702381,0.0038265905,,0.895999839,0.053580267,-0.0955367795,0.0170191666,0.3828212853
1984-11-30,0.004896,0.0033944857,-0.0032375048,-0.0003496762,0.0023616,,0.4895748199,0.3394535441,-0.3237491016,-0.034937461,0.2362372104
1984-12-31,0.0107980383,0.0026902009,0.0096079992,0.0002537187,-0.0015718503,,1.079781418,0.2688691959,0.9608799264,0.0253461054,-0.1572239805
1985-01-31,-0.0033828,0.00215136,0.03221956,0.00160975,0.00634392,,-0.3383272835,0.2150341307,3.2218944585,0.1607100534,0.6347108715
1985-02-28,0.0014254575,-0.0011555644,0.0221667433,-0.0008567143,-0.0028772523,,0.1425404523,-0.1153816296,2.2169968888,-0.0856405653,-0.2875708188
1985-03-29,0.0137560844,0.0098534747,0.0092180282,0.0019343666,0.0014182682,,1.3755781129,0.984818013,0.9218593288,0.1936022805,0.1418115225
1985-04-30,0.00636054,0.00167307,0.00207504,0.00090117,-0.00122496,,0.6361093919,0.1672110557,0.2075199892,0.0901118651,-0.1224225899
1985-05-31,0.0225259874,0.0086382362,0.0370327367,0.0012728327,-0.0006015598,,2.2283159499,0.8541577261,3.6627206515,0.1257164548,0
1985-06-28,0.00961675,-0.00043225,0.013167,0.0049629,-6.944e-05,,0.9499979715,-0.0426558076,1.3004820901,0.4903905072,0
1985-07-31,0.0291831983,0.0094354235,-0.0042351035,0.0093839384,-0.0020921992,,2.8791091826,0.9310009958,-0.4177476388,0.9257589993,0
1985-08-30,0.0319144514,0.0057980198,-0.000510151,0.0063040904,-2.75127512751275e-05,,3.1499796107,0.5725176278,-0.0503514232,0.6223975893,0
1985-09-30,0.05740328,-0.00191012,-0.00789052,0.00775107,-0.0009514,,5.6592959163,-0.1883624237,-0.7780161683,0.7643550802,0
1985-10-31,-0.0156950732,0.0113944976,0.0219241463,0.0177080195,-0.0008745561,,-1.549540355,1.1248355853,2.1642753281,1.7479905128,0
1985-11-29,0.0025903805,0.0056429494,0.027133453,0.0202225413,0.001676628,,0.2489766139,0.5424144385,2.6084914112,1.9437782337,0
1985-12-31,0.0059230872,-0.0034132615,0.0175430769,0.0219309538,-0.0002791897,,0.5823242861,-0.3356012419,1.7248386873,2.1559350041,0
1986-01-31,0.00812625,0.00199515,0.00202229,0.009864,-0.0029267,,0.7977642744,0.1959787888,0.1985567841,0.9684306717,0
1986-02-28,0.0483135707,0.0095442146,0.0338096,0.038742,-0.0001054829,,4.757344741,0.939970196,3.3295040889,3.8145864737,0
1986-03-31,0.05990274,0.01016769,0.03413046,0.01699922,-0.0022534,,5.8794871701,0.9973500662,3.3494410352,1.6681647846,0
1986-04-30,0.0104234777,0.0058183082,-0.0080585741,0.0295214579,-0.0014315168,,1.0206358727,0.5694018208,-0.7890117699,2.8901237158,0
1986-05-30,0.00667314,-0.00633137,0.02759152,-0.02054196,-5.15e-05,,0.6538050863,-0.6205832519,2.7032377392,-2.0128618929,0
1986-06-30,0.0326912,0.0076447,0.01505796,0.00795036,0.0001407,,3.2024518415,0.7490552495,1.4746933799,0.7785570211,0
1986-07-31,0.0423469268,-0.0072565463,-0.021373561,0.0020760976,0.0025313268,,4.1425147394,-0.7098349473,-2.0910753748,0.2031471383,0
1986-08-29,0.0318915415,0.0030654049,0.0254673366,0.0289029854,-0.0028109268,,3.1146224092,0.2994789629,2.4871596584,2.8228760706,0
1986-09-30,-0.00192618,-0.0061614,-0.03388168,-0.00680256,-0.00213256,,-0.1880448625,-0.6014299332,-3.3071622355,-0.6640781709,0
1986-10-31,-0.029690189,0.0011776378,0.0229592859,0.0025464946,-0.0012419142,,-2.9065191597,0.1153744218,2.2481273032,0.2493590069,0
1986-11-28,0.0244961645,0.0012640345,0.010418634,0.0100882268,-0.0004490616,,2.4057903444,0.1239596317,1.0232150878,0.9907862849,0
1986-12-31,0.0122262,0.00409904,-0.00736848,0.00354016,-0.00130732,,1.1992183985,0.4019388301,-0.7225756539,0.347269785,0
1987-01-30,0.0347526202,0.0040398523,0.050703415,0.0024275356,-0.0006959286,,3.4126080983,0.3964502796,4.9784820059,0.2383278633,0
1987-02-27,0.0058110857,0.0075013333,0.0074499238,0.0031856,0.0021784286,,0.5811577776,0.7501050913,0.7449630171,0.3184940583,0.21801734
1987-03-31,0.0190918908,0.0013323468,0.0127341266,0.0094420358,0.0041921408,,1.9091699824,0.1330802663,1.2736740805,0.9442587467,0.4187243155
1987-04-30,0.042978,0.0057883048,-0.002397981,0.0050206,-0.0002569048,,4.2980436584,0.5787381747,-0.2398196232,0.5019886101,-0.0256808561
1987-05-29,0.02035572,0.00390467,0.00018294,-0.0032409,0.00105794,,2.03561456,0.3906866866,0.0182914129,-0.3240217631,0.1058460954
1987-06-30,-0.0001681364,0.0059354538,0.0159880773,0.0088190077,0.0013939053,,-0.0168139648,0.5933913824,1.5991340142,0.8818792757,0.1392078565
1987-07-31,0.00260631,0.0018436,0.0156735,0.01004157,0.0041071,,0.2606572549,0.184464152,1.5674055848,1.003958486,0.4102056374
1987-08-31,0.0358199,-0.00101242,0.01109214,0.00697596,0.00145386,,3.5819558068,-0.1011594734,1.1092958662,0.6975665316,0.1454792765
1987-09-30,0.0290901895,0.0022203789,-0.0044866105,-0.0029620632,0.0024492421,,2.9086893195,0.222195551,-0.4486507758,-0.2963117126,0.2447857577
1987-10-30,-0.0496528356,-0.0107852323,-0.0722033227,-0.019593375,-0.0152442519,,-4.9656780505,-1.077814329,-7.2209969473,-1.9594207323,-1.5228269507
1987-11-30,0.0300928421,-0.0015386737,-0.0224797263,-0.0047712105,0.0032478947,,3.0093153694,-0.1536921664,-2.2480681169,-0.4771658209,0.3249652623
1987-12-31,0.0295106511,0.0186377338,0.0212161716,0.0038659366,0.0006561056,,2.9508497574,1.8644777449,2.1215959555,0.3865643473,0.0656420917
1988-01-29,0.0043106526,-0.0016742367,0.0022733782,-0.0033591259,0.000790957,,0.431091401,-0.1673893938,0.2273457561,-0.3358705192,0.07908067
1988-02-29,0.0368908683,0.0009294049,0.014191961,0.0072373171,0.0003509073,,3.6894328706,0.0929231877,1.4193403185,0.7235199258,0.0350561889
1988-03-31,0.0537244609,0.0043112108,-0.0050860767,0.0035606986,0.0026841448,,5.3722840772,0.4312263955,-0.5086051762,0.3561819999,0.2680041807
1988-04-29,0.0232204117,0.0030792077,0.0016755976,0.0017499463,0.0012741243,,2.3216919644,0.308032578,0.1675420637,0.1750507999,0.1275882748
1988-05-31,-0.0164782439,-0.0012292683,-0.0011623415,-0.0031613463,0.0021487024,,-1.6479336594,-0.1229069466,-0.116227639,-0.3160306441,0.2151055551
1988-06-30,0.0086139136,-0.0023967216,0.0102390477,0.0015753147,-0.0005072495,,0.8612303292,-0.2397786795,1.0239828944,0.1575710029,-0.0507408327
1988-07-29,0.0530866559,0.0013203257,-0.0012824078,-0.0008675779,0.0015256596,,5.3082418538,0.1320819778,-0.1282393987,-0.0867762954,0.1525052778
1988-08-31,-0.0441960195,-0.0066159512,-0.0085820488,-0.0031946927,-0.0006869854,,-4.4194153396,-0.6617795987,-0.8583614002,-0.3193704307,-0.0686646326
1988-09-30,0.0318248244,0.0029530835,0.0104297034,0.0058933841,9.63114754098361e-06,,3.1821693765,0.2953944201,1.0429400069,0.5894393206,0.0009635364
1988-10-31,0.0210471174,0.0075559555,0.0109176471,0.0114844601,0.0019196859,,2.1047674718,0.7558040729,1.0917017639,1.1482625527,0.191956825
1988-11-30,0.0420780571,-0.0007051143,-0.0048475429,0.0047229333,0.0003625524,,4.2076656646,-0.0705472088,-0.4848217217,0.4721235573,0.0362300791
1988-12-31,-0.0075936488,-0.0017206244,0.005916,0.0037875415,-3.47707317073171e-05,,-0.7594294505,-0.1720358254,0.5916537975,0.3786844349,-0.003473152
1989-01-31,0.006480878,0.010055278,0.0048957659,-0.00018,0.0028510829,,0.648099519,1.0054840559,0.4895966095,-0.0179989336,0.2850196048
1989-02-28,0.0173803219,-0.0002322888,-0.0056305362,0.0016985522,-0.0027428898,,1.7380165596,-0.0232359691,-0.5629553094,0.1698839978,-0.2743535653
1989-03-31,-0.0108328976,0.0017642537,0.0094119024,0.0017859024,0.0005374049,,-1.0833876399,0.1763882889,0.9412247872,0.1785828134,0.0536754787
1989-04-28,0.014128078,0.0012460878,0.0050990049,0.0051629268,0.0008281171,,1.4129392256,0.1246187997,0.5098453949,0.5161934972,0.0827959469
1989-05-31,-0.012222,-0.0046331143,0.0090302667,-0.0020951524,-0.0009779048,,-1.2221629776,-0.4631623096,0.903000021,-0.2095972738,-0.0978020512
1989-06-30,-0.0265067707,0.0001645171,-0.0008782049,0.0091614244,-0.001283239,,-2.6509172309,0.0164474473,-0.087815373,0.9162695791,-0.1282087747
1989-07-31,0.0538248286,0.0104306095,0.033948,0.0081527714,0.002036019,,5.3822687484,1.0432169771,3.394767281,0.8152421624,0.2037202778
1989-08-31,-0.0317304585,-0.0038962146,0.0060220878,0.0006373756,0.0008353561,,-3.1731077958,-0.3897340114,0.6022386296,0.0637147454,0.0835280666
1989-09-29,0.038870019,-0.0001714,0.0011096476,0.0032286857,0.0011976762,,3.8868286199,-0.0171436484,0.110968289,0.3228996717,0.1196906778
1989-10-31,-0.0089679493,-0.0088975712,-0.0055692542,-0.0051343461,-0.0005389847,,-0.8966462955,-0.8901769197,-0.5569302685,-0.5134583342,-0.0539630813
1989-11-30,0.0127159539,0.0043607963,0.006153748,0.0077135346,0.0008600629,,1.2715882789,0.4360705166,0.6154160673,0.7713890838,0.0859433518
1989-12-31,0.0051459805,0.0081337951,0.0048472683,0.0162951122,0.001708878,,0.514606552,0.8129320242,0.4846447657,1.6299516296,0.1711529349
1990-01-31,-0.0153992195,0.0002733366,-0.0215926244,0.0014891707,0.0005031024,,-1.5400059147,0.0273226071,-2.1591818998,0.1489465111,0.0502906621
1990-02-28,-0.0359989099,-0.0029122912,0.0017858986,-0.0003171317,-0.0016381638,,-3.5996484547,-0.2912101637,0.1785979134,-0.0317168037,-0.1638609254
1990-03-30,-0.0600865225,-0.0007714068,0.0115851605,0.009295571,-0.0006280598,,-6.0080528456,-0.077152976,1.1584829877,0.9296197777,-0.0628540587
1990-04-30,0.00611165,-0.00278388,-0.00257544,-0.00079812,-0.001848,,0.6111626589,-0.2781031552,-0.2575854335,-0.0798269486,-0.1845541085
1990-05-31,0.0628466526,0.0058281684,0.0327680211,0.0060799474,0.0028244211,,6.2847710978,0.5823418434,3.2763533922,0.6081325657,0.2826801977
1990-06-29,-0.0075712,0.00615552,0.0048276,0.0041984,0.00099104,,-0.7571704857,0.6153396136,0.4828021383,0.4197745646,0.0991151333
1990-07-31,0.0054412571,0.0039573333,0.0016074,0.0057513143,0.0014430952,,0.5441330476,0.395770812,0.160760704,0.5750448795,0.1442192521
1990-08-31,-0.0446785027,-0.007873207,-0.0251680351,-0.0281864844,-0.0016956091,,-4.467389481,-0.7874038852,-2.5168254948,-2.8190009934,-0.1695594182
1990-09-28,-0.0569216922,-0.0096739274,-0.0120432043,-0.0241143114,-0.0026153615,,-5.6921372345,-0.9674327033,-1.2042234607,-2.4113430124,-0.2617432781
1990-10-31,0.1188651576,0.0109090253,0.0038873256,0.0077068104,-0.0004691872,,11.8858657305,1.0912394139,0.3886852634,0.7707335345,-0.0469401842
1990-11-30,-0.06211199,0.0057134,0.01853748,0.00086008,-2.504e-05,,-6.2108916562,0.5715201594,1.8538465433,0.0859998681,-0.0025030415
1990-12-31,0.0047263317,2.21463414634146e-05,0.00933,-0.0010972878,-0.0003872195,,0.4725850729,0.0022155776,0.9328824925,-0.1097461115,-0.0387289356
1991-01-31,0.0001213052,0.0021872988,0.0120612623,0.0061458004,0.0019910448,,0.0121307063,0.2186828793,1.2064303975,0.6144898037,0.198864665
1991-02-28,0.0741249463,0.0139372683,0.0184594732,0.0167271317,0.0027882146,,7.4123167572,1.393967529,1.8456902681,1.6728632861,0.2789984797
1991-03-29,-0.02540025,-0.00776993,0.00778644,-0.01064532,0.00130728,,-2.539865252,-0.7767970029,0.7785576499,-1.0647850296,0.130930191
1991-04-30,0.0037484548,-0.0016926293,0.0008678668,-0.0005171917,0.0025950295,,0.3748280531,-0.1692711012,0.0867856053,-0.0517329635,0.2594707014
1991-05-31,-0.0028830079,-0.0009035146,0.009685951,0.0078802076,0.0009669397,,-0.2882907159,-0.0903698912,0.9686030655,0.7881456716,0.0966544947
1991-06-28,-0.0216575942,-0.0045073093,-0.0124194481,-0.0109613039,-0.0012487751,,-2.1659159448,-0.4506476071,-1.2419320805,-1.0961240642,-0.1248638999
1991-07-31,0.0088739048,0.0101685905,0.0161613333,0.0048649333,0.009966,,0.8874830658,1.0166184894,1.6160355991,0.4865332409,0.9966092057
1991-08-30,-0.0188153053,0.0047898316,0.0079505053,0.0018549474,-0.0005599579,,-1.8817729246,0.4788815215,0.7950661602,0.1854334311,-0.0560025232
1991-09-30,0.036601044,0.0053631379,3.30471265489316e-05,0.0037012489,0.0007486389,,3.6602876671,0.5363610071,0.0033043273,0.370256324,0.0748454114
1991-10-31,0.0067658256,-0.0020730256,0.0124352,-0.0014646154,0.0024904,,0.6766887242,-0.2072913889,1.2434465031,-0.1464600834,0.2489858041
1991-11-29,-0.0239448655,-0.0104335566,-0.0148105189,-0.0001563044,0.0013290971,,-2.394825947,-1.0432346352,-1.481166127,-0.0156285514,0.1328636195
1991-12-31,0.013090489,0.0198873087,0.0422740774,0.0059769877,0.0030961296,,1.3089978962,1.9884069908,4.2273159684,0.5978652669,0.3096620577
1992-01-31,-0.0046886154,0.0004545744,-0.0052912821,0.0022415385,0.0059133231,,-0.4687872567,0.0454586253,-0.5291947699,0.2241517659,0.5913088144
1992-02-28,-0.0141921108,1.09289071092891e-05,0.0100542546,0.0023862614,0.0073386761,,-1.4191593096,0.0010927438,1.0054570518,0.2386680514,0.7337815791
1992-03-31,-0.0187655834,-0.0070921908,-0.0069705529,-0.0036065693,-0.0002750125,,-1.8765340766,-0.708977554,-0.6971811448,-0.3606387557,-0.0274945891
1992-04-30,-0.00200889,0.01388832,0.00818552,0.0013568,0.00668368,,-0.2009051776,1.389458491,0.8185433438,0.1356511532,0.6682320493
1992-05-29,0.01057518,0.0062424,0.00251427,0.01016503,0.01338424,,1.0576435957,0.6240060659,0.2514349082,1.0166525227,1.3382940243
1992-06-30,-0.01129518,-0.0006809,-0.0090525,-0.00253315,0.0004624,,-1.1294372562,-0.0680980552,-0.9052390022,-0.2533535374,0.0462301768
1992-07-31,-0.00614239,-0.0040467,0.01886092,-0.00606061,-0.00224652,,-0.6142018732,-0.4047845682,1.8859018035,-0.6060888555,-0.2246695692
1992-08-31,0.01725675,0.00354879,-0.01225054,0.00143208,-0.00660647,,1.7258316875,0.3547919242,-1.2251502553,0.1431737209,-0.6607793602
1992-09-30,0.00012032,-0.003503,0.00502916,-0.00887142,-0.00244125,,0.0120298196,-0.3502104473,0.5029104412,-0.8873195169,-0.2441703421
1992-10-30,-0.0087948883,-0.0096275095,0.0062690177,-0.0090668032,0.0075855234,,-0.8795739017,-0.9624790852,0.6269171912,-0.9065928777,0.7586713823
1992-11-30,0.0020612878,0.0007229854,0.0204371512,-0.0016782049,-0.0037480976,,0.2060960146,0.0723120192,2.0436565269,-0.1678416514,-0.3747962291
1992-12-31,-0.0047231502,0.0055322731,0.013822017,0.003177983,-0.0011356061,,-0.47232429,0.5531252948,1.3822378994,0.3178773367,-0.1135231755
1993-01-29,0.0002618,-0.0019332,0.0132089714,0.0097190476,0.0048027619,,0.0261818606,-0.1932466025,1.3209836464,0.9718036091,0.4803305475
1993-02-26,0.00507848,0.0002685,0.01129212,0.00269928,0.01112013,,0.5079941269,0.0268385616,1.1290963255,0.2699296505,1.1124295238
1993-03-31,0.031084,0.0092849429,0.015638781,0.0048466286,0.0027792286,,3.1082586979,0.9287573466,1.5640357562,0.4845728129,0.2778311073
1993-04-30,0.0360408952,0.0024243333,-0.0080796286,0.0034581238,0.0087303429,,3.604093317,0.2423560344,-0.808018024,0.3457803557,0.8731462336
1993-05-31,0.0055209121,0.0003393339,0.0078255726,0.0007757576,0.0076167617,,0.5521075517,0.0339529892,0.7825184894,0.077565262,0.7617258805
1993-06-30,-0.0078782476,-0.0001996,0.0111534,0.0023427143,-0.00216,,-0.7878356912,-0.019951377,1.1154462062,0.2342698578,-0.2159974912
1993-07-30,0.0149565184,0.0035508809,0.0069761356,0.0014517475,0.007904971,,1.4955178625,0.3552627544,0.6976151753,0.1451674848,0.7903539265
1993-08-31,0.0039506341,0.00663,0.0225833951,0.0146831024,0.0045412683,,0.3950011463,0.6628926619,2.2585291085,1.4683732375,0.4541379767
1993-09-30,-0.0097317744,0.0011225641,0.0009925641,-0.0001877333,-0.0019705538,,-0.9729328564,0.1122733315,0.0992610136,-0.0187752857,-0.1970520996
1993-10-29,-0.004410041,0.003280138,0.0080080208,0.0060391539,0.0201477748,,-0.4410086854,0.3279981395,0.8007810362,0.6039707343,2.0147358038
1993-11-30,-0.0315695385,-0.0005189744,-0.0095262974,-0.0046373333,-0.0046289846,,-3.1570809493,-0.0519125128,-0.952674085,-0.4637154683,-0.4627416129
1993-12-31,0.0102555656,0.0101932793,0.0061130913,0.0158253825,0.0269952995,,1.0256241483,1.0190735313,0.6113196095,1.5826542994,2.6994539683
1994-01-31,0.0364410041,0.0067753375,0.0151761976,0.013549595,0.0003722772,,3.6442373329,0.677740054,1.5173343733,1.3550859877,0.0372318114
1994-02-28,0.0115857186,-0.0061876188,-0.0078473247,-0.0042421742,-0.0083992799,,1.1585638609,-0.618891589,-0.7846105545,-0.4242372875,-0.8400954882
1994-03-31,-0.00356031,-0.00516964,-0.01561248,0.00208494,-0.00989667,,-0.3560776631,-0.516875214,-1.5611527159,0.2084599445,-0.989965342
1994-04-29,0.00838803,-0.00061945,0.00365472,0.008272,0.0032832,,0.8387291843,-0.0619733825,0.3655037177,0.8270434097,0.3282570782
1994-05-31,0.0098350244,-0.0039149268,0.0047640976,-0.0057081951,0.0064961561,,0.9833995502,-0.391517568,0.4764010143,-0.5708207884,0.649703805
1994-06-30,0.0148106571,0.0013978286,-0.0070345143,-0.0033940952,-0.0057828571,,1.4811047811,0.139782392,-0.7035240241,-0.3393466718,-0.5782380266
1994-07-29,-0.0127225756,0.0056348683,0.0053479317,0.0096151805,0.0087404488,,-1.2721771566,0.5632012915,0.5348462625,0.9614530682,0.8742338827
1994-08-31,0.0021963707,0.0093816585,0.0137186341,0.0027990439,0.0089978927,,0.2196594528,0.9383986514,1.3717052999,0.2798342004,0.9000272906
1994-09-30,-0.0049804878,-0.0053513756,-0.0092853659,-0.0067270244,-0.001563161,,-0.4980106214,-0.5353666784,-0.9286432698,-0.6725426667,-0.1562904564
1994-10-31,0.00794338,0.00635175,0.0139755,0.00728082,0.00200361,,0.7944510377,0.6353140196,1.3973931653,0.7281314074,0.200335201
1994-11-30,-0.013560236,-0.0038006901,-0.0153077008,-0.0062310231,-0.008860396,,-1.3559900905,-0.3799888591,-1.5307942723,-0.6232102055,-0.8859701836
1994-12-31,0.003955122,0.0006509561,0.0084114732,0.0008678049,0.0012547512,,0.3955089159,0.0651095246,0.8412357276,0.08677399,0.1254395717
1995-01-31,-0.01531602,-0.00169389,0.00755664,0.00116389,-0.01016052,,-1.5313870233,-0.1693743557,0.7556840529,0.1164169725,-1.0160109156
1995-02-28,-0.0129063572,0.0019198505,0.0195414167,0.0043399116,0.0072608147,,-1.2905324979,0.1919249407,1.9543138369,0.4341124549,0.7259338602
1995-03-31,0.0146517793,-0.0007955287,0.0113886781,0.0032666188,0.0004580043,,1.4651804879,-0.0795247248,1.1390473854,0.3266309964,0.0457949782
1995-04-28,0.0089479947,0.0034173454,0.0187393169,0.0071839368,0.0064903888,,0.8949151595,0.3417675442,1.8739148684,0.7183691949,0.6489341576
1995-05-31,-0.0169289053,0.0031361895,0.0216625263,0.0024938737,0.0019779158,,-1.6930453946,0.3137390877,2.1661927127,0.2493221695,0.1977791766
1995-06-30,-0.00496502,0.0013608,0.01680552,0.00311298,-0.00206397,,-0.4964194507,0.136061228,1.6807309757,0.3112209971,-0.2064638144
1995-07-31,0.0167369474,0.0112389895,0.0163237053,0.0094848842,0.0060843789,,1.6731943747,1.1240424127,1.6324589892,0.9483911748,0.6085595332
1995-08-31,0.0023714,0.00186816,-0.00310277,-0.00742794,-0.00084105,,0.2371240951,0.1868569558,-0.3102526964,-0.7430462488,-0.0840917107
1995-09-29,-0.0001703158,0.0051846737,0.0198487579,0.0042645474,0.0022731158,,-0.0170341862,0.5185921498,1.9847840193,0.4264593021,0.2272605298
1995-10-31,-0.0088173317,0.0025597562,0.0085254357,-0.0025628607,-0.00082016,,-0.8816252277,0.2560615066,0.8525682871,-0.256273736,-0.0820050315
1995-11-30,0.00940212,0.00124416,0.01880505,0.0043053,0.00115188,,0.9402044473,0.1244593662,1.880540401,0.4304880066,0.1151686414
1995-12-31,0.0104246539,0.0018549174,0.0015603015,-0.0008259153,0.0058798482,,1.0422853114,0.1854304175,0.1560398941,-0.0825914692,0.5881015128
1996-01-31,0.0017014359,-0.0012221949,0.0237271795,0.0012898872,0.0106355077,,0.1701539515,-0.1222469656,2.3726265913,0.1290215228,1.0632136947
1996-02-29,-0.0024112963,0.0012292028,0.0130591866,0.0095968949,0.0015675207,,-0.2411803159,0.1229400878,1.3057376721,0.959640176,0.1567875308
1996-03-29,0.0051122712,0.0001505751,0.004470087,-0.0003213321,0.0003355336,,0.5111995742,0.0150624551,0.4469785878,-0.0321326297,0.0335558063
1996-04-30,0.0114582142,0.00219956,0.0024792521,0.0068192181,0.0038751025,,1.1459588317,0.2199042571,0.2479338917,0.6818123428,0.3875645388
1996-05-31,-0.0080760076,0.0025522952,0.0131280328,0.002819882,-0.0006566657,,-0.8076661093,0.2552268838,1.312778473,0.2819312387,-0.0656831748
1996-06-28,0.0007056308,-0.0009048615,0.0013492308,0.0045457231,-0.0011865128,,0.0705395003,-0.0905169287,0.1349081256,0.4546428125,-0.11867616
1996-07-31,-0.0065985027,1.86237308993949e-05,-0.0169265306,-0.006968352,-0.0032329915,,-0.6597568442,0.0018622477,-1.6928196999,-0.696815442,-0.3232647032
1996-08-30,-0.0050852615,0.0044685436,0.0082717538,0.0089523692,0.006129641,,-0.5086754195,0.4467777436,0.8270837083,0.8951852304,0.6131494318
1996-09-30,0.0035704947,0.0008475363,0.0265266563,0.006272612,0.0035216119,,0.3570293415,0.084765425,2.6526663032,0.6273263437,0.3520887185
1996-10-31,-0.0074031158,0.0065514842,0.0231084632,0.0006464,0.0028355368,,-0.7400447771,0.655332046,2.3110105546,0.0646388138,0.2835099884
1996-11-29,-0.0002518617,0.0089691458,0.0365535092,0.0101163223,0.005829302,,-0.0251777052,0.8968707831,3.6555529557,1.0117933096,0.5828218246
1996-12-31,-0.0064176,0.0076041,-0.01296815,0.01112766,0.0012788,,-0.6413971587,0.7604318681,-1.2968582623,1.1128239735,0.1279003447
1997-01-31,-0.00635894,-0.002595,0.03368472,0.00540141,-0.00212436,,-0.6357856775,-0.2595354789,3.3685717285,0.5401079575,-0.2124280701
1997-02-28,0.0007629679,0.0067320697,0.0043724926,-0.0016854748,0.0003177445,,0.0763439555,0.673348435,0.4372481592,-0.1685439363,0.0317578181
1997-03-31,-0.0017189895,0.0003957895,-0.0233195789,0.0093345263,-0.0020292632,,-0.1718606027,0.0395700532,-2.3321615538,0.9335263081,-0.2028865859
1997-04-30,0.0022843,0.0048199,0.03898368,-0.00090426,0.00022724,,0.2283478708,0.4821404752,3.8983147878,-0.0904094102,0.0227307295
1997-05-30,0.0066673171,0.0086488976,0.0228439024,0.0072706244,0.0021944195,,0.6665854739,0.8647094591,2.2843303964,0.7271065789,0.2196179009
1997-06-30,0.0062594571,0.0017360571,0.0298341714,0.0103911333,0.0016060952,,0.6258537179,0.1736283355,2.9832806298,1.0391149443,0.1606671327
1997-07-31,-0.0035444683,0.0072138244,0.0416310341,0.0065821854,0.0010159024,,-0.3542114593,0.72153585,4.1628475597,0.6583532236,0.1016093514
1997-08-29,-0.0052955,-0.00137465,-0.03387696,-0.00930006,-0.0046698,,-0.5292240217,-0.1374888903,-3.3879222955,-0.9300013745,-0.4667647457
1997-09-30,-0.0031583958,0.0118476648,0.0288124012,0.0237867687,0.0017616562,,-0.3160142609,1.184662759,2.8810979192,2.3786888883,0.1761975341
1997-10-31,-0.0016299385,-0.0066262609,-0.0131139889,-0.013429441,0.0007198712,,-0.1622396591,-0.6598364546,-1.3060379489,-1.3377892978,0
1997-11-28,-0.007597522,0.0042203707,0.0282802732,0.0056544098,0.0002160293,,-0.7503872251,0.4171456237,2.795118939,0.5588729511,0
1997-12-31,-0.0052102769,0.0078918769,0.0021493333,0.0132673641,0.0005898359,,-0.5138501399,0.778890848,0.2120650908,1.3093601044,0
1998-01-30,0.0091470353,0.012190331,0.0041312869,0.0114960504,0.0011493151,,0.9017521028,1.2025149874,0.4075778838,1.1340467321,0
1998-02-27,0.00212282,0.01269312,0.03305658,0.01940036,-0.00328608,,0.2089510957,1.2480352894,3.2510305062,1.9079969001,0
1998-03-31,-0.0022094247,0.0023720644,0.0347455851,0.0415699928,0.0001223259,,-0.2177127121,0.2337566693,3.424728297,4.0978511876,0
1998-04-30,-0.0011962537,-0.0001969659,0.0089421756,0.0087955902,0.0008434829,,-0.1177068265,-0.0193910963,0.8803935907,0.8660250413,0
1998-05-29,-0.0015392,-0.0041767805,-0.0005011024,0.0077159122,0.0021724878,,-0.1512491055,-0.4101067251,-0.0491973007,0.7574821213,0
1998-06-30,0.0005756804,0.0008813287,0.021613345,-0.003613189,0.0018689494,,0.05631743,0.0862584744,2.115602365,-0.3536631696,0
1998-07-31,-0.0004296712,-0.0022282662,-0.0023333789,0.0068672553,0.0003895795,,-0.0419710511,-0.2175811151,-0.2278243137,0.670451031,0
1998-08-31,-0.0026173171,-0.0066234146,-0.075737561,-0.0461692488,0.0038209171,,-0.2549303056,-0.6461923537,-7.3876693885,-4.5037855247,0
1998-09-30,-0.001519639,-0.0040534634,0.0275153268,-0.0036278634,-0.0012792,,-0.1481362363,-0.3959721218,2.6871431833,-0.3542508583,0
1998-10-30,0.004208126,0.0094626866,0.055467369,0.0235534484,-0.0050405229,,0.4102969335,0.9244476884,5.4196826302,2.3013912508,0
1998-11-30,0.00134919,0.00833294,0.03658272,0.01556008,-0.00761888,,0.1290730844,0.7963852295,3.4959434801,1.4869205223,0
1998-12-31,0.0005254325,0.0073119312,0.0482880288,0.023749595,0.0018370837,,0.0502446195,0.6983573522,4.6114357901,2.2679190144,0
1999-01-29,-0.0003329561,0.0035969171,0.0112991415,0.0068230244,-0.0004006244,,-0.0325891059,0.3515644888,1.1044452043,0.6669526624,0
1999-02-26,-5.12830520050737e-05,-0.0004114353,-0.01151205,-0.0048335155,0.0001588545,,-0.0050201755,-0.0401966709,-1.1243784594,-0.4721836591,0
1999-03-31,0.0038761756,0.0064365268,0.0217236878,0.003836,-0.0013589561,,0.3787400831,0.6295567256,2.124388853,0.375178746,0
1999-04-30,0.0031708175,0.0124327008,0.0115526926,0.0068731049,-0.004618166,,0.3098073931,1.2153795361,1.1291418681,0.6718868114,0
1999-05-31,-0.0020745307,-0.0044587342,0.0034750026,-0.0077983998,0.000468725,,-0.2032841405,-0.437334652,0.3407795103,-0.7648303465,0
1999-06-30,0.0026988001,0.0016773459,0.0394168803,0.00516747,-0.0016196698,,0.2641716697,0.1642919344,3.8614509676,0.506257794,0
1999-07-30,0.0032372923,0.0059431385,-0.0048549744,0.0080010974,0.0001798256,,0.3175435506,0.5825554511,-0.4758358061,0.784371128,0
1999-08-31,0.001509219,-0.0020706857,-0.0078181333,0.0031441143,0.000726,,0.1482359323,-0.2032157879,-0.7673770924,0.3085420361,0
1999-09-30,0.0029923392,-0.0050205221,-0.031589879,-0.0011766777,0.0003355536,,0.2858931952,-0.4797578045,-3.0181033192,-0.1124386107,0
1999-10-29,0.0022583385,-0.0040717949,0.0233905231,0.0001090051,0.0003792,,0.2153443088,-0.3883745215,2.2320991714,0.0104026045,0
1999-11-30,0.0032123915,0.0058049078,0.0209309494,-0.0022227925,-0.0002862816,,0.3069994088,0.5545722093,1.9990013306,-0.2123316282,0
1999-12-31,-0.0013955048,0.0116900667,0.0473923524,0.0249705238,-0.0010699048,,-0.1368156525,1.1464043339,4.6485435874,2.4496585323,0
2000-01-31,0.001362,-0.0106412205,-0.0212379282,-0.0190743385,0.0039426462,,0.130084751,-1.0163065735,-2.0291298426,-1.8221010182,0
2000-02-29,-0.0038563375,-0.0048706504,-0.0101647462,-0.0029865156,0.0039820398,,-0.3696400452,-0.4666479486,-0.9739865262,-0.2861643075,0
2000-03-31,0.0117266927,0.0057570757,0.054029703,0.0067245725,-0.0002778278,,1.1212747866,0.5503455955,5.1638352582,0.6425244954,0
2000-04-28,-0.0058212,0.00021945,0.02016333,-0.00930504,-0.0014256,,-0.5552072194,0.0209472218,1.9238739777,-0.8879632617,0
2000-05-31,0.0021041,-0.00646488,-0.03101513,0.00232574,0.00393939,,0.2006975678,-0.6167062238,-2.9595099967,0.2218830283,0
2000-06-30,0.01172421,0.00900614,-0.00926484,0.0041742,-0.00720225,,1.1183040501,0.8588467716,-0.8835772878,0.3981886241,0
2000-07-31,-0.0108307,0.0021879,0.01155658,0.00117096,-0.0004371,,-1.0350484066,0.209003001,1.1043094009,0.1119104957,0
2000-08-31,0.0043956416,0.0034444047,0.0518222971,-0.0046891673,-0.000263354,,0.4187942832,0.3281673856,4.9369074426,-0.4466917858,0
2000-09-29,-0.0006431684,-0.0012603158,0.0139570947,-0.0101616,0.0024908,,-0.061205932,-0.1200237681,1.3287782458,-0.9672146289,0
2000-10-31,-0.00260958,0.0021086851,0.0076348247,0.0022244447,0.0006559322,,-0.2484275926,0.2007115332,0.7265106061,0.2116579787,0
2000-11-30,0.003145,-0.0004130211,-0.0312016842,0.0039872,-0.0003432,,0.2990691572,-0.039256994,-2.9658581822,0.3790145493,0
2000-12-31,-0.0024358244,0.0140852293,0.0355695512,0.0249660878,-0.0030172293,,-0.2326798482,1.3454339659,3.3985229447,2.3856651249,0
2001-01-31,-0.00107415,-0.0054964,-0.01343245,0.006048,-0.0010058,,-0.1024370203,-0.5250489839,-1.2829970083,0.5776535077,0
2001-02-28,0.00033275,0.00069137,0.01189174,-0.00476448,-5.628e-05,,0.0317514234,0.0660400832,1.1359349566,-0.4551192256,0
2001-03-30,-0.0010236615,-0.0073412308,-0.0096475077,-0.0191562359,0.0039293333,,-0.0979497722,-0.7014804326,-0.9216982253,-1.8298941128,0
2001-04-30,0.0092412,0.01053702,0.03834105,0.01505919,-0.00173799,,0.8821075029,1.0064182277,3.6618723551,1.4380209611,0
2001-05-31,-8.985e-05,0.00123753,0.00957528,-0.00688194,0.00041976,,-0.0085744629,0.1181390458,0.9138862338,-0.6569091886,0
2001-06-29,-0.0017164,0.002072,-0.0059356,-0.00893727,-0.00127032,,-0.1638845376,0.1978240839,-0.5666980972,-0.8532624019,0
2001-07-31,-0.0037595393,-0.0050123185,-0.0037172659,0.0075297146,0.000214682,,-0.3590205679,-0.4788038723,-0.3551537371,0.7195611375,0
2001-08-31,0.0009213499,0.0038320949,-0.0171322151,0.0030931304,0.0007087422,,0.0878832342,0.3657693582,-1.6355367465,0.2952884434,0
2001-09-28,-0.0059005409,-0.0131971154,-0.0495427083,-0.0329367788,0.0066461839,,-0.5636341279,-1.2607736767,-4.7338908755,-3.14751176,0
2001-10-31,0.0002754932,0.001310686,0.0025749725,0.0121142013,-0.003078017,,0.0262757498,0.1250016625,0.2455892281,1.1555123254,0
2001-11-30,-0.0011070313,0.0057040865,0.0440846154,0.0154972556,-0.0038360577,,-0.105779086,0.5446709596,4.2081675332,1.4794445058,0
2001-12-31,-0.0037482341,0.0041370163,0.0183521771,0.0034975962,-0.0031849868,,-0.3566152074,0.3938935451,1.74719123,0.332989572,0
2002-01-31,-0.0016558438,0.0001245869,0.0089044567,-0.0007554331,-0.0028991087,,-0.1583197204,0.0118949824,0.8501287681,-0.0721227074,0
2002-02-28,0.0012343515,0.0017462093,0.0060264397,0.0030894342,-0.0007680721,,0.1181337721,0.1668827104,0.5759899708,0.2952498359,0
2002-03-29,0.0017830592,0.0062622391,0.0268761332,0.0137117647,-0.0009880666,,0.169777461,0.5972370041,2.5622390081,1.3073330638,0
2002-04-30,0.0017361971,0.0066701111,0.0007255132,0.0011697206,-0.0021325323,,0.1657066422,0.6375015723,0.0693342871,0.1117664934,0
2002-05-31,0.0048788146,0.0003484581,0.0075169103,0.0060006608,-0.0008281538,,0.4664204082,0.0333405229,0.7191727388,0.574061593,0
2002-06-28,-0.0015969952,-0.0050764724,-0.0303103666,0.0012130409,0.0007032752,,-0.1527247421,-0.485123042,-2.8958016125,0.1159193178,0
2002-07-31,-0.0017072509,-0.013541302,-0.044324677,-0.015865999,0.0017063996,,-0.1630224758,-1.2943918035,-4.2361380267,-1.5161874394,0
2002-08-30,-0.0005160692,0.0009466259,0.0083129481,-0.0006384859,-0.000311841,,-0.0492858898,0.0903247389,0.7932208837,-0.0609199729,0
2002-09-30,-0.0028171709,-0.0069403326,-0.0590958225,-0.0186495692,0.0028817371,,-0.26957743,-0.664091666,-5.6525301649,-1.7839601629,0
2002-10-31,-0.0025445429,0.004444332,0.0284531266,0.0088358115,-0.00062708,,-0.2492257173,0.4359527743,2.7902012047,0.8666011372,0
2002-11-29,0.0016054823,0.0011125356,0.0106600316,0.0132157301,-0.0012581972,,0.1535558787,0.1062597036,1.0185448811,1.2627529602,0
2002-12-31,0.0007064891,-0.0007948928,-0.0063482375,0.0016546365,0.0008716503,,0.0676179438,-0.0760340823,-0.6074234442,0.1582853025,0
2003-01-31,-0.0010543415,-0.0038472709,-0.0138719479,-0.0003787782,0.0006017526,,-0.1054939212,-0.3849500087,-1.3871348577,-0.037870551,0.0601859609
2003-02-28,0.0042659189,0.0003085028,-0.0095487431,-0.004911968,-0.0005121883,,0.4190321772,0.0302870012,-0.937769838,-0.4824426981,0
2003-03-31,-0.0032966513,-0.0010141551,-0.0012800616,-0.0018012327,-0.0005963842,,-0.329484207,-0.1014649108,-0.1280128898,-0.1801529063,-0.0595759699
2003-04-30,0.0015631784,0.0057395854,0.0471202183,0.0191344683,0.0005721811,,0.156382124,0.573929426,4.712095504,1.9132320804,0.0571662635
2003-05-30,0.0018035289,0.0073812113,0.0437864378,0.0060956891,0.0050353934,,0.1802845662,0.7378557395,4.3787198078,0.6098267838,0.5036190172
2003-06-30,0.0061374422,0.0012144735,0.0034290293,0.0044828249,0.0056297072,,0.6136187004,0.1215309025,0.3428710874,0.4483982513,0.5629757412
2003-07-31,-0.0012829379,0.0008516487,0.0090721726,0.0029413354,0.0060777401,,-0.1283129465,0.0851297153,0.9071980062,0.2942678611,0.6076735944
2003-08-29,0.0085526045,0.0001517107,0.0097173328,0.0024159458,0.0085805199,,0.8557069759,0.01516321,0.9716763895,0.241677984,0.8578159558
2003-09-30,0.0115862392,0.0013305708,-0.0021043393,0.0009781079,0.0041048084,,1.1587301694,0.1331044372,-0.2104177507,0.0978167624,0.4105057024
2003-10-31,0.0092646438,0.0047485488,0.0311023454,0.0091529757,0.0080019154,,0.9265142101,0.4747580218,3.1100127479,0.9154411234,0.8003843754
2003-11-28,-0.0080177522,0.0020084241,0.0151625745,0.0073655024,-0.0016239984,,-0.8016001572,0.2007893464,1.5164364565,0.7364688341,-0.1624050641
2003-12-31,0.0154289149,0.0036101393,0.0295365494,0.0115053602,0.0065592125,,1.5428563161,0.3612795299,2.9531819428,1.1508150185,0.6560029109
2004-01-30,0.0053229313,0.0019942296,0.0052257163,0.0014953416,0.0069807554,,0.5324667048,0.1993782529,0.5226010262,0.1494876106,0.697903809
2004-02-27,0.0024203206,0.0066993647,0.0121656143,0.0036314143,0.0044441404,,0.2419637627,0.6701876107,1.2166270182,0.3630448421,0.4444469494
2004-03-31,0.0314516136,-0.001078335,-0.0003230627,-0.0013534224,0.0002586845,,3.1448362613,-0.1078968425,-0.0323051954,-0.1353506536,0.0258653876
2004-04-30,-0.0129912024,-0.0015701603,-0.0151506613,0.0015120541,-0.0016727455,,-1.2992507209,-0.1570135543,-1.5150089026,0.1512114368,-0.1672398671
2004-05-31,-0.0033949635,0.0016902559,0.0024466235,0.0001143386,6.68105663480317e-06,,-0.3395879521,0.1690789041,0.2446567964,0.0114316478,0.0006675824
2004-06-30,0.0095081872,0.0029086181,0.0146060728,0.0076183185,-0.0004978455,,0.933884264,0.2857535947,1.4348082142,0.7482399842,0
2004-07-30,-0.0057346374,-0.0015402195,-0.0047977099,0.0001970992,0.0028133588,,-0.5733777858,-0.1540890267,-0.4797713695,0.0197095851,0.2812426394
2004-08-31,0.0007803891,0.0001162479,-0.0023219279,0.0036631733,0.0040189559,,0.0780802068,0.0116204827,-0.2321796216,0.3663521939,0.4019801046
2004-09-30,2.94964028776981e-05,0.0048943988,0.0284495478,0.0083015827,0.0055746454,,0,0.4887570199,2.8407374357,0.8288657829,0.5568869232
2004-10-29,-6.53206412825651e-05,0.0033232866,0.0082203507,0.0119739379,0.0021157515,,0,0.3305068273,0.8177901911,1.1908853856,0.2104317927
2004-11-30,0.0014233823,0.0070258065,0.0363036935,0.0165466119,0.0077494655,,0.1424300511,0.7026570829,3.6303091043,1.6548206363,0.7746723836
2004-12-31,0.0009942668,0.0050716648,0.0107233738,0.01310868,0.0038593465,,0.0993798493,0.5069926542,1.0723655689,1.3111996375,0.3858335307
2005-01-31,0.0002220952,0.0009885915,-0.0020411028,-0.003320782,0.0003955489,,0.0222085734,0.0988948457,-0.2041194927,-0.332012328,0.0395501708
2005-02-28,0.0007838734,0.005502248,0.0323794723,0.0123332982,0.0026425435,,0.0783214417,0.5503708847,3.2379796843,1.2333073571,0.2642216167
2005-03-31,-0.0003055743,-0.0045133024,-0.001428674,-0.005071685,-0.0028333826,,-0.0306215294,-0.4512070901,-0.142854683,-0.5072593255,-0.2833320131
2005-04-29,-0.0001718095,-0.0034449925,-0.0209542256,-0.0120792481,0.0009169524,,-0.017169795,-0.3445922664,-2.0955166336,-1.2077283177,0.0917103751
2005-05-31,-0.0004094987,-0.000624,0.0198583219,0.0008524538,0.0007614776,,-0.0410332676,-0.0623950811,1.9858656995,0.085242592,0.0761245317
2005-06-30,0.0004516342,0.0032424303,0.0258526168,0.0037831362,0.004905374,,0.0451170616,0.3242992922,2.585314745,0.3782710051,0.4905910621
2005-07-29,0.0005290025,0.0011066967,0.0291408521,0.0121750777,0.0057841805,,0.0527965486,0.1106347868,2.9143870268,1.2177701873,0.5782496192
2005-08-31,0.0008875852,0.0031247894,0.0146033694,0.0035575211,-0.0006932411,,0.0889815824,0.3124987426,1.4602810423,0.3557680004,-0.0692991975
2005-09-30,0.0015725632,0.001740714,0.02114285,0.0093544124,0.0046124549,,0.1574180613,0.1740732773,2.114202486,0.9354662146,0.4612042674
2005-10-31,0.0003179986,-0.0028026215,-0.0301133327,-0.0092339431,-0.0064748117,,0.0318233367,-0.2802103109,-3.0112753567,-0.9234149605,-0.6473914367
2005-11-30,0.0001732505,0.0026168037,0.0205483056,0.0041653299,0.0035960297,,0.0173176913,0.2617629305,2.0548730245,0.4165066707,0.3595466212
2005-12-31,0.0072535316,0.0028117687,0.007255723,0.0093318431,0.0034144003,,0.7254050181,0.2810825378,0.7255679149,0.933242116,0.3414406902
2006-01-31,0.003094425,0.0084906604,0.0342637832,0.015632483,0.010162446,,0.3094230676,0.8492562981,3.4266738077,1.5629064273,1.0160980261
2006-02-28,0.0003004585,-0.0009174515,-0.0088002101,0.0041814882,-0.0002982138,,0.0300536276,-0.0917643953,-0.8799262249,0.4181099438,-0.0298265703
2006-03-31,0.0008549915,0.0035014147,0.009312732,0.0157190729,0.0017755292,,0.0855447551,0.3502322399,0.9311316299,1.5718483983,0.177577762
2006-04-28,0.0024443542,0.006000225,0.0118199609,0.0108827789,0.0071292857,,0.2443469371,0.6001225388,1.1819971434,1.0881469608,0.7131595004
2006-05-31,-0.0035489466,-0.0021707865,-0.0145688202,-0.0110023876,-0.0089047452,,-0.3550500403,-0.2170992443,-1.4567024213,-1.1002814934,-0.8905169905
2006-06-30,-0.0009537198,0.0014416484,0.0055328813,0.0003443988,0.001930828,,-0.0953814899,0.1441575861,0.5533185942,0.03443803,0.1930615505
2006-07-31,-0.0010781824,0.0013464941,0.0017477179,0.006271943,0.0032888655,,-0.107867563,0.1346822258,0.1747598331,0.6271225592,0.3288965355
2006-08-31,0.0017734604,0.0030858977,0.0018756369,0.0078610231,0.0022732598,,0.177227497,0.3085003601,0.1875676788,0.786176849,0.2274103728
2006-09-29,-0.001464852,0.0002707736,0.0034827889,0.0094531041,0.0012667813,,-0.1465194804,0.0270674963,0.3482538669,0.945381847,0.1267233003
2006-10-31,0.0003238636,0.0065989496,0.0218884454,0.0177005348,0.0044705882,,0.0323886688,0.6597143309,2.1889660617,1.7701420041,0.4470000136
2006-11-30,0.0009863014,0.0039728865,0.0130542857,0.0103931507,0.0065354795,,0.0985750072,0.3973601133,1.3054830597,1.039252413,0.6536039687
2006-12-31,0.0027034483,0.0039435285,0.0027266501,0.0137477314,0.0054175948,,0.2702244492,0.3944064405,0.2726843275,1.374896535,0.5416045054
2007-01-31,0.0020601108,-0.000521769,0.008907804,0.0030652498,0.0024809915,,0.2059896494,-0.0521720577,0.8906779943,0.306555948,0.2482192713
2007-02-28,0.0059480703,0.0005028659,-0.0115080245,0.0065777512,-0.000492243,,0.5946419813,0.0503001591,-1.1509559759,0.6576939398,-0.0492106888
2007-03-30,-0.0009150349,0.0040903811,0.0098660426,0.0137522017,0.002712389,,-0.0914922096,0.4089144896,0.9867232019,1.3751351407,0.2712757053
2007-04-30,-0.0012780074,0.004038477,0.0214891743,0.018010615,0.0034393599,,-0.1278368413,0.4038631476,2.1489906196,1.8007894771,0.3439676379
2007-05-31,7.84008828250401e-05,0.0063985453,0.0198455056,0.0052987159,0.0041370987,,0.0078417561,0.6398408662,1.9844077873,0.529891032,0.4137627142
2007-06-29,1.53220951234196e-05,0.0016887417,-0.0098476821,0.0007737909,0.000410596,,0.0015325215,0.168809634,-0.9847745325,0.0773892721,0.0410550893
2007-07-31,3.62395906491422e-05,-0.0027667904,-0.013002428,-0.002240895,0.0040536972,,0.0036249782,-0.2765655102,-1.3002420857,-0.2241113359,0.4053813364
2007-08-31,-0.0010546358,-0.002205298,0.0050518764,-0.0014082079,-0.0026296909,,-0.1054127731,-0.2205349064,0.5051685889,-0.1408400238,-0.2629666679
2007-09-28,0.0017244688,0.0031657691,0.0161151376,0.0156823656,0.0082818369,,0.1724952798,0.3164951712,1.6114413156,1.5682491417,0.8284684604
2007-10-31,-0.0007779562,0.0091394198,0.01773948,0.0203761895,0.0053962056,,-0.0777782468,0.9141296009,1.77411192,2.0373039543,0.539587596
2007-11-30,-0.0012315029,-0.0045030218,-0.0163051099,-0.0196911957,-0.0058389318,,-0.1231447967,-0.450431001,-1.6305841326,-1.9690081314,-0.5837031287
2007-12-31,-0.0015877325,-0.0024059722,0.0062151263,-0.0014670257,-0.0010573722,,-0.158928219,-0.2406287717,0.6215518403,-0.146681818,-0.1056869458
2008-01-31,-0.0014344073,-0.0076950316,-0.0309667771,-0.0340196326,-0.0087785306,,-0.1432970013,-0.7692809452,-3.0970973602,-3.4017319461,-0.8781984175
2008-02-29,0.0015981433,0.0029048575,0.0048756825,0.016219992,0.0027595343,,0.1598215237,0.2903934421,0.4875561439,1.6220088488,0.2760690606
2008-03-31,-0.0028390696,-0.0009337176,-0.0043982606,0.0195480033,-0.0012788287,,-0.2840169086,-0.0933963949,-0.4398516419,1.9545697722,-0.1277826369
2008-04-30,0.0033289714,0.0057907075,0.0256147316,0.0029648771,0.0051295534,,0.3332243988,0.5789368796,2.5616426241,0.2964814465,0.5127215614
2008-05-30,0.0017018766,0.0015743101,0.0166719518,0.0023246162,-0.000627155,,0.1700872224,0.1574369043,1.6672565211,0.2324494675,-0.0627312891
2008-06-30,-0.002396949,-0.0041762344,-0.0189253814,-0.0285823866,-0.0077797069,,-0.239592884,-0.4178195821,-1.8923961208,-2.8585717616,-0.7777466018
2008-07-31,-0.0015182101,-0.0049796328,-0.0199127119,0.0015364704,0.0012591151,,-0.1519399908,-0.4981455054,-1.9909496228,0.1536541967,0.1258846329
2008-08-29,-0.0005667703,-0.0031018963,0.0016107956,-0.0121761814,-0.0037341025,,-0.0567819459,-0.3101271028,0.1610915647,-1.2174274798,-0.3733426201
2008-09-30,-0.0029240646,-0.0175982546,-0.048979356,-0.031671943,-0.0109253987,,-0.2925752549,-1.7597215336,-4.8980998456,-3.166947233,-1.0925163606
2008-10-31,-0.0039198295,-0.0160646138,-0.0930255767,-0.0742943831,-0.0109228084,,-0.3923622184,-1.6071505076,-9.3029386249,-7.4281773919,-1.0912589041
2008-11-28,-0.001331488,-0.0079725112,-0.020180147,-0.0118252553,-0.0017406987,,-0.1331242017,-0.7974802247,-2.0179422349,-1.1824594642,-0.1740932953
2008-12-31,0.0051057257,-0.0010764803,0.0014881579,0.0341344058,0.0040972451,,0.510741709,-0.1075591868,0.1488171667,3.4141782676,0.40952262
2009-01-30,-0.0039904189,-0.0013990178,-0.0281724293,-0.0356319102,-0.0041250752,,-0.3990714442,-0.1399084837,-2.8174773105,-3.5629725155,-0.4124028165
2009-02-27,-0.0083673248,-0.003259116,-0.0428098126,-0.0242106044,-0.0081829007,,-0.837017224,-0.3256103163,-4.2811282679,-2.420784458,-0.8185108288
2009-03-31,0.0019006107,0.0035395611,0.0351676718,0.0194164122,0.0076054389,,0.1899545362,0.3539087246,3.517149247,1.9415654782,0.7604509463
2009-04-30,0.0046816396,0.0042747043,0.0381374624,0.0363774805,0.0170666867,,0.4677479552,0.4274995447,3.8140574981,3.6372467228,1.706935377
2009-05-29,0.0058522054,0.0036748166,0.0528658778,0.0260949438,0.0273399218,,0.5856399083,0.3674829343,5.2861829247,2.6095082647,2.7339169708
2009-06-30,0.0011996282,0.0001325898,-0.001929459,-0.0085318462,-0.0005816946,,0.1199384406,0.0132513052,-0.192954436,-0.8532687817,-0.0581656576
2009-07-31,0.0003993666,0.0058863598,0.0349229835,0.0354787373,0.0165773438,,0.0398993791,0.5886970333,3.4923130505,3.5481626183,1.657845608
2009-08-31,0.0021575807,0.0015911952,0.0102801687,0.0271401358,-0.001018597,,0.2156949929,0.1592838729,1.0280158865,2.7136909339,-0.1018545979
2009-09-30,-0.0019900422,0.0014031478,0.013566845,0.0192210472,0.0105752083,,-0.1988371512,0.1403323235,1.3566615438,1.922450082,1.0573518411
2009-10-30,-0.0008848315,0.0027724719,-0.0018482745,-0.0116576344,0.0033623596,,-0.0883383398,0.2773064047,-0.1848260042,-1.1657567755,0.3363116631
2009-11-30,-0.0012709659,0.0037249833,0.0196812172,0.0091017388,0.0002184485,,-0.1270717527,0.3724328798,1.9682275602,0.9102982331,0.0218382383
2009-12-31,0.0006697537,0.0030669563,0.0208897269,0.006481182,0.0048289097,,0.066955707,0.3067434311,2.0890165885,0.6480820908,0.4828712039
2010-01-29,0.0009728904,-0.0046414662,-0.0159364261,-0.0136502482,-0.0075667048,,0.0972900596,-0.4639787468,-1.5935529025,-1.365138009,-0.7569229673
2010-02-26,0.0009306288,-0.0003474784,0.0218207428,-0.0067278962,0.005461954,,0.092928494,-0.034718306,2.1821395883,-0.6728619817,0.546389338
2010-03-31,0.002148497,0.0101624749,0.0321997996,0.0126219439,0.0077886172,,0.2151636135,1.0165191276,3.2198582261,1.2618891712,0.7788692474
2010-04-30,0.0008721443,-0.0015967936,0.0109561723,-0.0059288978,0.0004016032,,0.0871985369,-0.1597268929,1.0955725597,-0.5929351635,0.0401552551
2010-05-31,-0.0025434184,-0.0102056484,-0.041485664,-0.0261074954,-0.0132657872,,-0.254219876,-1.0208441794,-4.1485492866,-2.6106922413,-1.3265256517
2010-06-30,-0.001112007,-0.0017222268,-0.0365108874,-0.0009838127,0.0040140407,,-0.1112578699,-0.1721829502,-3.6511490701,-0.0983641324,0.4014819633
2010-07-30,0.0015751265,0.0131943508,0.0363941821,0.0239027403,0.011549062,,0.1576681081,1.3190717241,3.6395960205,2.3902618536,1.1546622842
2010-08-31,-0.0010123575,-0.0040636877,-0.0277236775,-0.0051822393,0.0004884438,,-0.1011499708,-0.4065378791,-2.7723295022,-0.5183150157,0.0488302827
2010-09-30,0.0019768079,0.0123092136,0.0549901961,0.0239854944,0.0188722222,,0.1975851001,1.2306692813,5.4995408354,2.3984491862,1.8871724825
2010-10-29,0.0011495256,0.0044697449,0.0218817204,0.0121413135,0.0034247312,,0.1151536963,0.4467876347,2.1881562657,1.2140574508,0.3425147017
2010-11-30,0.0006174833,-0.0040593939,-0.0006523369,-0.0222095018,0.0005791988,,0.0617320268,-0.4059023677,-0.0652314019,-2.2209518252,0.0579313781
2010-12-31,0.0022100606,0.0097397929,0.0357784724,0.0155253956,0.0089243993,,0.2214083508,0.9741084972,3.5779225681,1.552318993,0.8921944498
2011-01-31,-0.0002036918,-0.0007484129,0.0133435882,0.0140793437,-0.0014741576,,-0.0203849754,-0.0748120223,1.3344190402,1.4081706787,-0.1473799979
2011-02-28,0.0010531144,0.00338574,0.0283615362,0.0053183457,-0.0058488284,,0.1053014715,0.338677807,2.8361023337,0.5318696046,-0.5847513277
2011-03-31,-0.0023041249,-0.0025779736,0.0069552463,0.0030910292,0.0031748698,,-0.2304405889,-0.2578859804,0.6955637518,0.3090578156,0.3173952126
2011-04-30,-0.0002161594,0.0071498999,0.0205553464,0.0129052863,0.0062636864,,-0.0216721631,0.7147200762,2.0554345727,1.2908021768,0.6262618944
2011-05-31,-0.0002676043,-0.0029000879,-0.0062368005,-0.0140082039,-0.0010252466,,-0.0267219087,-0.2899897687,-0.62364709,-1.4011521631,-0.1025287613
2011-06-30,0.0003559375,-0.0019423828,-0.0054914648,0.000176748,-0.0031386719,,0.0357166297,-0.1943212129,-0.5491276499,0.0176728853,-0.3137751135
2011-07-31,0.0007194922,0.0004598535,-0.0207596777,-0.0115171875,0.0027463379,,0.0721084995,0.0459716601,-2.0758845259,-1.1517301348,0.2746552571
2011-08-31,-0.0017409628,-0.007045435,-0.0331885558,-0.0194509423,-0.0118263158,,-0.1743777148,-0.7044392349,-3.318795274,-1.944853825,-1.1827361087
2011-09-30,-0.0018647541,-0.0110336637,-0.0396923847,-0.019360427,-0.0208985227,,-0.186376601,-1.1033031838,-3.9693188113,-1.9361104586,-2.0900049455
2011-10-31,0.0001354159,0.0122054959,0.0747893694,0.0233827606,0.0185280847,,0.0135412994,1.2207322669,7.4795221841,2.3380423963,1.8523416228
2011-11-30,-0.0009227114,-0.0016424312,0.0025993797,-0.009127924,-0.0078202301,,-0.0925267017,-0.1641705966,0.2599376535,-0.912850197,-0.7819309254
2011-12-31,0.0002497299,0.0001077331,0.0048259804,-0.0057015306,0.0001452581,,0.0249902374,0.0107674918,0.4825623704,-0.5703596875,0.0145304454
,,,,,,,#DIV/0!,#DIV/0!,#DIV/0!,#DIV/0!,#DIV/0!
,,,,,,,#DIV/0!,#DIV/0!,#DIV/0!,#DIV/0!,#DIV/0!
,,,,,,,#DIV/0!,#DIV/0!,#DIV/0!,#DIV/0!,#DIV/0!
,,,,,,,#DIV/0!,#DIV/0!,#DIV/0!,#DIV/0!,#DIV/0!
,,,,,,,#DIV/0!,#DIV/0!,#DIV/0!,#DIV/0!,#DIV/0!
