Date,JP,UK,US,Euro,Pac
1/31/1977, 0.1213 , 0.0565 , 0.6507 , 0.1443 , 0.0271 
2/28/1977, 0.1215 , 0.0639 , 0.6408 , 0.1457 , 0.0281 
3/31/1977, 0.1296 , 0.0657 , 0.6304 , 0.1468 , 0.0275 
4/29/1977, 0.1374 , 0.0667 , 0.6226 , 0.1455 , 0.0279 
5/31/1977, 0.1375 , 0.0687 , 0.6169 , 0.1490 , 0.0279 
6/30/1977, 0.1389 , 0.0715 , 0.6125 , 0.1484 , 0.0287 
7/29/1977, 0.1397 , 0.0704 , 0.6190 , 0.1432 , 0.0277 
8/31/1977, 0.1380 , 0.0706 , 0.6215 , 0.1425 , 0.0273 
9/30/1977, 0.1467 , 0.0792 , 0.6043 , 0.1432 , 0.0266 
10/31/1977, 0.1475 , 0.0849 , 0.5976 , 0.1440 , 0.0260 
11/30/1977, 0.1535 , 0.0877 , 0.5823 , 0.1494 , 0.0271 
12/30/1977, 0.1520 , 0.0823 , 0.5892 , 0.1496 , 0.0269 
1/31/1978, 0.1505 , 0.0861 , 0.5833 , 0.1530 , 0.0272 
2/28/1978, 0.1693 , 0.0859 , 0.5618 , 0.1562 , 0.0268 
3/31/1978, 0.1685 , 0.0816 , 0.5581 , 0.1649 , 0.0268 
4/28/1978, 0.1826 , 0.0795 , 0.5466 , 0.1638 , 0.0274 
5/31/1978, 0.1740 , 0.0759 , 0.5700 , 0.1527 , 0.0274 
6/30/1978, 0.1737 , 0.0781 , 0.5664 , 0.1537 , 0.0282 
7/31/1978, 0.1886 , 0.0762 , 0.5512 , 0.1539 , 0.0300 
8/31/1978, 0.1881 , 0.0770 , 0.5560 , 0.1499 , 0.0290 
9/29/1978, 0.1815 , 0.0772 , 0.5558 , 0.1539 , 0.0316 
10/31/1978, 0.1837 , 0.0774 , 0.5472 , 0.1611 , 0.0306 
11/30/1978, 0.2042 , 0.0827 , 0.5024 , 0.1750 , 0.0358 
12/29/1978, 0.1936 , 0.0811 , 0.5293 , 0.1640 , 0.0321 
1/31/1979, 0.1969 , 0.0809 , 0.5214 , 0.1687 , 0.0321 
2/28/1979, 0.1909 , 0.0787 , 0.5321 , 0.1653 , 0.0329 
3/30/1979, 0.1882 , 0.0870 , 0.5242 , 0.1667 , 0.0340 
4/30/1979, 0.1750 , 0.0959 , 0.5332 , 0.1626 , 0.0334 
5/31/1979, 0.1713 , 0.1026 , 0.5341 , 0.1589 , 0.0330 
6/29/1979, 0.1770 , 0.0969 , 0.5337 , 0.1563 , 0.0361 
7/31/1979, 0.1746 , 0.0947 , 0.5379 , 0.1586 , 0.0342 
8/31/1979, 0.1707 , 0.0925 , 0.5370 , 0.1636 , 0.0362 
9/28/1979, 0.1661 , 0.0912 , 0.5423 , 0.1623 , 0.0380 
10/31/1979, 0.1655 , 0.0908 , 0.5332 , 0.1697 , 0.0408 
11/30/1979, 0.1649 , 0.0889 , 0.5359 , 0.1685 , 0.0418 
12/31/1979, 0.1535 , 0.0893 , 0.5434 , 0.1696 , 0.0441 
1/31/1980, 0.1598 , 0.0868 , 0.5388 , 0.1662 , 0.0484 
2/29/1980, 0.1536 , 0.0909 , 0.5441 , 0.1597 , 0.0516 
3/31/1980, 0.1465 , 0.0957 , 0.5471 , 0.1560 , 0.0546 
4/30/1980, 0.1625 , 0.0881 , 0.5479 , 0.1517 , 0.0498 
5/30/1980, 0.1652 , 0.0894 , 0.5357 , 0.1571 , 0.0526 
6/30/1980, 0.1668 , 0.0858 , 0.5354 , 0.1563 , 0.0558 
7/31/1980, 0.1635 , 0.0954 , 0.5311 , 0.1528 , 0.0572 
8/29/1980, 0.1498 , 0.0969 , 0.5507 , 0.1469 , 0.0557 
9/30/1980, 0.1561 , 0.0967 , 0.5436 , 0.1441 , 0.0595 
10/31/1980, 0.1618 , 0.0963 , 0.5389 , 0.1406 , 0.0625 
11/28/1980, 0.1622 , 0.1013 , 0.5319 , 0.1353 , 0.0693 
12/31/1980, 0.1505 , 0.0950 , 0.5596 , 0.1295 , 0.0654 
1/30/1981, 0.1655 , 0.0925 , 0.5501 , 0.1275 , 0.0644 
2/27/1981, 0.1729 , 0.0944 , 0.5459 , 0.1244 , 0.0624 
3/31/1981, 0.1707 , 0.0907 , 0.5515 , 0.1249 , 0.0622 
4/30/1981, 0.1758 , 0.0881 , 0.5522 , 0.1234 , 0.0604 
5/29/1981, 0.1894 , 0.0916 , 0.5380 , 0.1194 , 0.0616 
6/30/1981, 0.1845 , 0.0839 , 0.5577 , 0.1093 , 0.0647 
7/31/1981, 0.1925 , 0.0809 , 0.5572 , 0.1077 , 0.0617 
8/31/1981, 0.1885 , 0.0781 , 0.5752 , 0.1070 , 0.0512 
9/30/1981, 0.1993 , 0.0824 , 0.5588 , 0.1099 , 0.0496 
10/30/1981, 0.1950 , 0.0736 , 0.5722 , 0.1147 , 0.0446 
11/30/1981, 0.1875 , 0.0647 , 0.5796 , 0.1156 , 0.0527 
12/31/1981, 0.1914 , 0.0725 , 0.5650 , 0.1160 , 0.0551 
1/29/1982, 0.1998 , 0.0722 , 0.5612 , 0.1123 , 0.0545 
2/26/1982, 0.1933 , 0.0873 , 0.5576 , 0.1113 , 0.0505 
3/31/1982, 0.1843 , 0.0861 , 0.5645 , 0.1171 , 0.0480 
4/30/1982, 0.1706 , 0.0892 , 0.5706 , 0.1184 , 0.0512 
5/31/1982, 0.1724 , 0.0867 , 0.5701 , 0.1169 , 0.0540 
6/30/1982, 0.1705 , 0.0916 , 0.5651 , 0.1164 , 0.0565 
7/30/1982, 0.1689 , 0.0897 , 0.5787 , 0.1100 , 0.0527 
8/31/1982, 0.1650 , 0.0943 , 0.5756 , 0.1133 , 0.0518 
9/30/1982, 0.1568 , 0.0888 , 0.6013 , 0.1051 , 0.0480 
10/29/1982, 0.1506 , 0.0924 , 0.6047 , 0.1048 , 0.0474 
11/30/1982, 0.1407 , 0.0873 , 0.6298 , 0.0980 , 0.0441 
12/31/1982, 0.1593 , 0.0807 , 0.6188 , 0.0985 , 0.0427 
1/31/1983, 0.1718 , 0.0783 , 0.6025 , 0.1025 , 0.0448 
2/28/1983, 0.1606 , 0.0752 , 0.6161 , 0.0999 , 0.0481 
3/31/1983, 0.1594 , 0.0740 , 0.6152 , 0.1056 , 0.0458 
4/29/1983, 0.1604 , 0.0718 , 0.6151 , 0.1091 , 0.0436 
5/31/1983, 0.1528 , 0.0763 , 0.6203 , 0.1057 , 0.0449 
6/30/1983, 0.1540 , 0.0811 , 0.6168 , 0.1030 , 0.0451 
7/29/1983, 0.1551 , 0.0785 , 0.6198 , 0.1027 , 0.0439 
8/31/1983, 0.1601 , 0.0769 , 0.6123 , 0.1046 , 0.0462 
9/30/1983, 0.1574 , 0.0754 , 0.6205 , 0.1007 , 0.0460 
10/31/1983, 0.1668 , 0.0737 , 0.6135 , 0.1019 , 0.0441 
11/30/1983, 0.1680 , 0.0737 , 0.6105 , 0.1041 , 0.0437 
12/30/1983, 0.1659 , 0.0748 , 0.6101 , 0.1039 , 0.0454 
1/31/1984, 0.1783 , 0.0745 , 0.5956 , 0.1045 , 0.0470 
2/29/1984, 0.1843 , 0.0767 , 0.5833 , 0.1078 , 0.0479 
3/30/1984, 0.1906 , 0.0806 , 0.5671 , 0.1116 , 0.0501 
4/30/1984, 0.2163 , 0.0797 , 0.5499 , 0.1070 , 0.0471 
5/31/1984, 0.2116 , 0.0790 , 0.5553 , 0.1068 , 0.0472 
6/29/1984, 0.2003 , 0.0764 , 0.5675 , 0.1094 , 0.0464 
7/31/1984, 0.2012 , 0.0761 , 0.5718 , 0.1069 , 0.0440 
8/31/1984, 0.1943 , 0.0739 , 0.5864 , 0.1033 , 0.0420 
9/28/1984, 0.1935 , 0.0717 , 0.5898 , 0.1027 , 0.0423 
10/31/1984, 0.1944 , 0.0712 , 0.5901 , 0.1025 , 0.0418 
11/30/1984, 0.2020 , 0.0703 , 0.5861 , 0.1018 , 0.0398 
12/31/1984, 0.2036 , 0.0717 , 0.5832 , 0.0999 , 0.0417 
1/31/1985, 0.2069 , 0.0747 , 0.5808 , 0.0985 , 0.0391 
2/28/1985, 0.1970 , 0.0733 , 0.5896 , 0.1004 , 0.0398 
3/29/1985, 0.1996 , 0.0693 , 0.5955 , 0.0976 , 0.0381 
4/30/1985, 0.2052 , 0.0771 , 0.5764 , 0.1029 , 0.0384 
5/31/1985, 0.1994 , 0.0805 , 0.5751 , 0.1062 , 0.0389 
6/28/1985, 0.1959 , 0.0825 , 0.5775 , 0.1065 , 0.0376 
7/31/1985, 0.2027 , 0.0781 , 0.5728 , 0.1100 , 0.0363 
8/30/1985, 0.2002 , 0.0864 , 0.5601 , 0.1163 , 0.0369 
9/30/1985, 0.2034 , 0.0901 , 0.5494 , 0.1213 , 0.0358 
10/31/1985, 0.2257 , 0.0869 , 0.5231 , 0.1276 , 0.0367 
11/29/1985, 0.2216 , 0.0911 , 0.5167 , 0.1350 , 0.0357 
12/31/1985, 0.2131 , 0.0927 , 0.5225 , 0.1384 , 0.0333 
1/31/1986, 0.2167 , 0.0849 , 0.5203 , 0.1466 , 0.0315 
2/28/1986, 0.2187 , 0.0834 , 0.5133 , 0.1505 , 0.0341 
3/31/1986, 0.2281 , 0.0841 , 0.5027 , 0.1541 , 0.0310 
4/30/1986, 0.2518 , 0.0847 , 0.4833 , 0.1517 , 0.0286 
5/30/1986, 0.2547 , 0.0893 , 0.4612 , 0.1654 , 0.0294 
6/30/1986, 0.2560 , 0.0815 , 0.4827 , 0.1508 , 0.0290 
7/31/1986, 0.2720 , 0.0852 , 0.4665 , 0.1490 , 0.0273 
8/29/1986, 0.3057 , 0.0772 , 0.4373 , 0.1543 , 0.0255 
9/30/1986, 0.3067 , 0.0756 , 0.4309 , 0.1612 , 0.0256 
10/31/1986, 0.3277 , 0.0718 , 0.4131 , 0.1586 , 0.0287 
11/28/1986, 0.2869 , 0.0748 , 0.4453 , 0.1609 , 0.0322 
12/31/1986, 0.2944 , 0.0748 , 0.4362 , 0.1642 , 0.0304 
1/30/1987, 0.3114 , 0.0778 , 0.4148 , 0.1641 , 0.0320 
2/27/1987, 0.3238 , 0.0776 , 0.4196 , 0.1491 , 0.0299 
3/31/1987, 0.3195 , 0.0847 , 0.4192 , 0.1443 , 0.0324 
4/30/1987, 0.3345 , 0.0836 , 0.4063 , 0.1431 , 0.0325 
5/29/1987, 0.3656 , 0.0847 , 0.3799 , 0.1385 , 0.0313 
6/30/1987, 0.3664 , 0.0902 , 0.3786 , 0.1323 , 0.0326 
7/31/1987, 0.3387 , 0.0940 , 0.3975 , 0.1363 , 0.0335 
8/31/1987, 0.3208 , 0.0946 , 0.4071 , 0.1406 , 0.0369 
9/30/1987, 0.3412 , 0.0876 , 0.3979 , 0.1366 , 0.0367 
10/30/1987, 0.3354 , 0.0946 , 0.3959 , 0.1355 , 0.0387 
11/30/1987, 0.3745 , 0.0894 , 0.3741 , 0.1345 , 0.0275 
12/31/1987, 0.4048 , 0.0887 , 0.3545 , 0.1235 , 0.0284 
1/29/1988, 0.3965 , 0.0943 , 0.3592 , 0.1204 , 0.0297 
2/29/1988, 0.4062 , 0.0916 , 0.3642 , 0.1099 , 0.0281 
3/31/1988, 0.4146 , 0.0863 , 0.3583 , 0.1144 , 0.0263 
4/29/1988, 0.4348 , 0.0884 , 0.3352 , 0.1128 , 0.0287 
5/31/1988, 0.4345 , 0.0900 , 0.3340 , 0.1133 , 0.0282 
6/30/1988, 0.4255 , 0.0890 , 0.3400 , 0.1137 , 0.0317 
7/29/1988, 0.4104 , 0.0861 , 0.3560 , 0.1153 , 0.0321 
8/31/1988, 0.4219 , 0.0853 , 0.3465 , 0.1137 , 0.0326 
9/30/1988, 0.4128 , 0.0836 , 0.3548 , 0.1157 , 0.0329 
10/31/1988, 0.4137 , 0.0841 , 0.3534 , 0.1182 , 0.0307 
11/30/1988, 0.4204 , 0.0851 , 0.3392 , 0.1246 , 0.0307 
12/30/1988, 0.4443 , 0.0828 , 0.3215 , 0.1217 , 0.0297 
1/31/1989, 0.4445 , 0.0809 , 0.3222 , 0.1230 , 0.0294 
2/28/1989, 0.4320 , 0.0871 , 0.3315 , 0.1181 , 0.0312 
3/31/1989, 0.4443 , 0.0853 , 0.3230 , 0.1181 , 0.0293 
4/28/1989, 0.4324 , 0.0863 , 0.3312 , 0.1200 , 0.0301 
5/31/1989, 0.4238 , 0.0849 , 0.3382 , 0.1229 , 0.0302 
6/30/1989, 0.4136 , 0.0803 , 0.3563 , 0.1207 , 0.0291 
7/31/1989, 0.3997 , 0.0821 , 0.3605 , 0.1299 , 0.0278 
8/31/1989, 0.4066 , 0.0857 , 0.3518 , 0.1281 , 0.0278 
9/29/1989, 0.3882 , 0.0857 , 0.3649 , 0.1314 , 0.0298 
10/31/1989, 0.4035 , 0.0818 , 0.3514 , 0.1331 , 0.0301 
11/30/1989, 0.4057 , 0.0776 , 0.3562 , 0.1302 , 0.0302 
12/29/1989, 0.4121 , 0.0791 , 0.3465 , 0.1333 , 0.0290 
1/31/1990, 0.3995 , 0.0849 , 0.3423 , 0.1440 , 0.0293 
2/28/1990, 0.3943 , 0.0896 , 0.3338 , 0.1510 , 0.0312 
3/30/1990, 0.3702 , 0.0910 , 0.3527 , 0.1546 , 0.0314 
4/30/1990, 0.3193 , 0.0944 , 0.3816 , 0.1717 , 0.0330 
5/31/1990, 0.3306 , 0.0888 , 0.3749 , 0.1745 , 0.0312 
6/29/1990, 0.3410 , 0.0916 , 0.3730 , 0.1640 , 0.0304 
7/31/1990, 0.3302 , 0.0980 , 0.3711 , 0.1688 , 0.0319 
8/31/1990, 0.3232 , 0.1013 , 0.3673 , 0.1747 , 0.0334 
9/28/1990, 0.3220 , 0.1056 , 0.3676 , 0.1702 , 0.0345 
10/31/1990, 0.3014 , 0.1073 , 0.3912 , 0.1649 , 0.0351 
11/30/1990, 0.3427 , 0.1060 , 0.3546 , 0.1654 , 0.0313 
12/31/1990, 0.3071 , 0.1135 , 0.3825 , 0.1654 , 0.0315 
1/31/1991, 0.3145 , 0.1110 , 0.3841 , 0.1599 , 0.0306 
2/28/1991, 0.3127 , 0.1110 , 0.3862 , 0.1589 , 0.0312 
3/29/1991, 0.3225 , 0.1099 , 0.3768 , 0.1596 , 0.0312 
4/30/1991, 0.3114 , 0.1078 , 0.3964 , 0.1514 , 0.0329 
5/31/1991, 0.3181 , 0.1054 , 0.3918 , 0.1507 , 0.0339 
6/28/1991, 0.3092 , 0.1036 , 0.3993 , 0.1544 , 0.0336 
7/31/1991, 0.3065 , 0.1013 , 0.4065 , 0.1498 , 0.0359 
8/30/1991, 0.3014 , 0.1086 , 0.4046 , 0.1490 , 0.0364 
9/30/1991, 0.2857 , 0.1126 , 0.4137 , 0.1517 , 0.0362 
10/31/1991, 0.3026 , 0.1130 , 0.3966 , 0.1520 , 0.0358 
11/29/1991, 0.3106 , 0.1081 , 0.3970 , 0.1477 , 0.0367 
12/31/1991, 0.3022 , 0.1071 , 0.3979 , 0.1543 , 0.0384 
1/31/1992, 0.2906 , 0.1081 , 0.4100 , 0.1550 , 0.0363 
2/28/1992, 0.2823 , 0.1093 , 0.4117 , 0.1591 , 0.0377 
3/31/1992, 0.2623 , 0.1110 , 0.4225 , 0.1647 , 0.0396 
4/30/1992, 0.2467 , 0.1104 , 0.4354 , 0.1696 , 0.0379 
5/29/1992, 0.2276 , 0.1224 , 0.4411 , 0.1697 , 0.0392 
6/30/1992, 0.2359 , 0.1238 , 0.4250 , 0.1747 , 0.0406 
7/31/1992, 0.2209 , 0.1230 , 0.4316 , 0.1831 , 0.0414 
8/31/1992, 0.2175 , 0.1179 , 0.4471 , 0.1768 , 0.0407 
9/30/1992, 0.2504 , 0.1130 , 0.4262 , 0.1729 , 0.0375 
10/30/1992, 0.2464 , 0.1137 , 0.4313 , 0.1718 , 0.0369 
11/30/1992, 0.2418 , 0.1074 , 0.4464 , 0.1654 , 0.0390 
12/31/1992, 0.2437 , 0.1064 , 0.4505 , 0.1620 , 0.0375 
1/29/1993, 0.2367 , 0.1074 , 0.4489 , 0.1625 , 0.0445 
2/26/1993, 0.2342 , 0.1074 , 0.4481 , 0.1656 , 0.0447 
3/31/1993, 0.2386 , 0.1023 , 0.4446 , 0.1674 , 0.0471 
4/30/1993, 0.2572 , 0.1039 , 0.4293 , 0.1643 , 0.0453 
5/31/1993, 0.2898 , 0.1022 , 0.4023 , 0.1616 , 0.0440 
6/30/1993, 0.2882 , 0.0998 , 0.3987 , 0.1587 , 0.0546 
7/30/1993, 0.2861 , 0.0997 , 0.4022 , 0.1588 , 0.0533 
8/31/1993, 0.2985 , 0.0975 , 0.3926 , 0.1571 , 0.0543 
9/30/1993, 0.2913 , 0.0995 , 0.3871 , 0.1664 , 0.0557 
10/29/1993, 0.2830 , 0.1003 , 0.3887 , 0.1701 , 0.0578 
11/30/1993, 0.2739 , 0.1012 , 0.3854 , 0.1739 , 0.0656 
12/31/1993, 0.2412 , 0.1074 , 0.4048 , 0.1770 , 0.0695 
1/31/1994, 0.2368 , 0.1098 , 0.3911 , 0.1821 , 0.0801 
2/28/1994, 0.2583 , 0.1076 , 0.3809 , 0.1805 , 0.0726 
3/31/1994, 0.2739 , 0.1036 , 0.3744 , 0.1782 , 0.0699 
4/29/1994, 0.2781 , 0.0953 , 0.3888 , 0.1760 , 0.0618 
5/31/1994, 0.2820 , 0.0960 , 0.3815 , 0.1773 , 0.0632 
6/30/1994, 0.2867 , 0.0906 , 0.3847 , 0.1730 , 0.0650 
7/29/1994, 0.3014 , 0.0911 , 0.3729 , 0.1723 , 0.0623 
8/31/1994, 0.2854 , 0.0940 , 0.3780 , 0.1782 , 0.0644 
9/30/1994, 0.2792 , 0.0964 , 0.3807 , 0.1768 , 0.0669 
10/31/1994, 0.2792 , 0.0941 , 0.3850 , 0.1746 , 0.0671 
11/30/1994, 0.2792 , 0.0967 , 0.3817 , 0.1760 , 0.0663 
12/30/1994, 0.2777 , 0.0967 , 0.3849 , 0.1779 , 0.0628 
1/31/1995, 0.2784 , 0.0957 , 0.3868 , 0.1779 , 0.0612 
2/28/1995, 0.2663 , 0.0955 , 0.4010 , 0.1809 , 0.0564 
3/31/1995, 0.2503 , 0.0946 , 0.4113 , 0.1844 , 0.0595 
4/28/1995, 0.2610 , 0.0977 , 0.4024 , 0.1814 , 0.0574 
5/31/1995, 0.2651 , 0.0958 , 0.3996 , 0.1831 , 0.0564 
6/30/1995, 0.2468 , 0.0972 , 0.4119 , 0.1842 , 0.0599 
7/31/1995, 0.2348 , 0.0968 , 0.4214 , 0.1882 , 0.0588 
8/31/1995, 0.2420 , 0.0973 , 0.4131 , 0.1891 , 0.0585 
9/29/1995, 0.2368 , 0.0962 , 0.4209 , 0.1878 , 0.0583 
10/31/1995, 0.2322 , 0.0960 , 0.4262 , 0.1882 , 0.0575 
11/30/1995, 0.2226 , 0.0972 , 0.4323 , 0.1905 , 0.0574 
12/29/1995, 0.2274 , 0.0957 , 0.4347 , 0.1865 , 0.0558 
1/31/1996, 0.2315 , 0.0961 , 0.4300 , 0.1867 , 0.0557 
2/29/1996, 0.2248 , 0.0942 , 0.4362 , 0.1859 , 0.0588 
3/29/1996, 0.2194 , 0.0941 , 0.4382 , 0.1890 , 0.0592 
4/30/1996, 0.2246 , 0.0909 , 0.4350 , 0.1905 , 0.0591 
5/31/1996, 0.2318 , 0.0918 , 0.4318 , 0.1855 , 0.0590 
6/28/1996, 0.2207 , 0.0919 , 0.4385 , 0.1878 , 0.0611 
7/31/1996, 0.2214 , 0.0908 , 0.4378 , 0.1898 , 0.0603 
8/30/1996, 0.2189 , 0.0941 , 0.4336 , 0.1944 , 0.0590 
9/30/1996, 0.2070 , 0.0976 , 0.4381 , 0.1960 , 0.0612 
10/31/1996, 0.2056 , 0.0959 , 0.4462 , 0.1919 , 0.0604 
11/29/1996, 0.1912 , 0.0995 , 0.4544 , 0.1935 , 0.0615 
12/31/1996, 0.1840 , 0.0991 , 0.4615 , 0.1942 , 0.0612 
1/31/1997, 0.1742 , 0.1038 , 0.4573 , 0.2023 , 0.0624 
2/28/1997, 0.1527 , 0.0988 , 0.4838 , 0.2034 , 0.0612 
3/31/1997, 0.1548 , 0.1004 , 0.4816 , 0.2020 , 0.0612 
4/30/1997, 0.1530 , 0.1035 , 0.4684 , 0.2153 , 0.0598 
5/30/1997, 0.1536 , 0.1018 , 0.4825 , 0.2053 , 0.0568 
6/30/1997, 0.1677 , 0.0982 , 0.4824 , 0.1973 , 0.0544 
7/31/1997, 0.1718 , 0.0947 , 0.4799 , 0.2002 , 0.0534 
8/29/1997, 0.1595 , 0.0947 , 0.4929 , 0.2013 , 0.0516 
9/30/1997, 0.1556 , 0.0992 , 0.4998 , 0.1987 , 0.0466 
10/31/1997, 0.1455 , 0.1023 , 0.4987 , 0.2078 , 0.0458 
11/28/1997, 0.1392 , 0.1034 , 0.5096 , 0.2099 , 0.0379 
12/31/1997, 0.1287 , 0.0997 , 0.5239 , 0.2108 , 0.0369 
1/30/1998, 0.1193 , 0.1035 , 0.5230 , 0.2180 , 0.0363 
2/27/1998, 0.1264 , 0.1053 , 0.5149 , 0.2202 , 0.0332 
3/31/1998, 0.1187 , 0.1042 , 0.5149 , 0.2265 , 0.0358 
4/30/1998, 0.1062 , 0.1053 , 0.5193 , 0.2353 , 0.0339 
5/29/1998, 0.1046 , 0.1040 , 0.5207 , 0.2397 , 0.0310 
6/30/1998, 0.0999 , 0.1085 , 0.5152 , 0.2487 , 0.0278 
7/31/1998, 0.0983 , 0.1075 , 0.5194 , 0.2495 , 0.0252 
8/31/1998, 0.0969 , 0.1050 , 0.5150 , 0.2589 , 0.0242 
9/30/1998, 0.0993 , 0.1098 , 0.5107 , 0.2548 , 0.0254 
10/30/1998, 0.0953 , 0.1085 , 0.5302 , 0.2402 , 0.0259 
11/30/1998, 0.1013 , 0.1046 , 0.5252 , 0.2403 , 0.0286 
12/31/1998, 0.0991 , 0.1020 , 0.5248 , 0.2461 , 0.0279 
1/29/1999, 0.0987 , 0.1011 , 0.5262 , 0.2476 , 0.0264 
2/26/1999, 0.0969 , 0.1006 , 0.5370 , 0.2397 , 0.0257 
3/31/1999, 0.0976 , 0.1056 , 0.5329 , 0.2370 , 0.0269 
4/30/1999, 0.1071 , 0.1046 , 0.5366 , 0.2241 , 0.0275 
5/31/1999, 0.1069 , 0.1058 , 0.5341 , 0.2223 , 0.0308 
6/30/1999, 0.1056 , 0.1043 , 0.5395 , 0.2210 , 0.0297 
7/30/1999, 0.1098 , 0.1009 , 0.5417 , 0.2173 , 0.0303 
8/31/1999, 0.1208 , 0.1042 , 0.5242 , 0.2206 , 0.0302 
9/30/1999, 0.1274 , 0.1003 , 0.5264 , 0.2174 , 0.0284 
10/29/1999, 0.1372 , 0.1000 , 0.5189 , 0.2157 , 0.0282 
11/30/1999, 0.1353 , 0.0969 , 0.5259 , 0.2149 , 0.0269 
12/31/1999, 0.1358 , 0.0963 , 0.5167 , 0.2217 , 0.0295 
1/31/2000, 0.1335 , 0.0939 , 0.5116 , 0.2316 , 0.0294 
2/29/2000, 0.1369 , 0.0909 , 0.5180 , 0.2251 , 0.0292 
3/31/2000, 0.1324 , 0.0950 , 0.5028 , 0.2410 , 0.0287 
4/28/2000, 0.1340 , 0.0963 , 0.5163 , 0.2264 , 0.0270 
5/31/2000, 0.1294 , 0.0976 , 0.5203 , 0.2258 , 0.0269 
6/30/2000, 0.1253 , 0.0974 , 0.5189 , 0.2319 , 0.0265 
7/31/2000, 0.1282 , 0.0930 , 0.5207 , 0.2296 , 0.0285 
8/31/2000, 0.1167 , 0.0968 , 0.5290 , 0.2296 , 0.0278 
9/29/2000, 0.1157 , 0.0921 , 0.5534 , 0.2117 , 0.0271 
10/31/2000, 0.1181 , 0.0936 , 0.5502 , 0.2113 , 0.0267 
11/30/2000, 0.1129 , 0.0957 , 0.5530 , 0.2128 , 0.0256 
12/29/2000, 0.1154 , 0.0921 , 0.5419 , 0.2234 , 0.0272 
1/31/2001, 0.1065 , 0.1010 , 0.5265 , 0.2380 , 0.0280 
2/28/2001, 0.1025 , 0.0971 , 0.5387 , 0.2336 , 0.0281 
3/30/2001, 0.1059 , 0.0985 , 0.5358 , 0.2303 , 0.0295 
4/30/2001, 0.1104 , 0.1001 , 0.5365 , 0.2251 , 0.0279 
5/31/2001, 0.1099 , 0.0991 , 0.5388 , 0.2249 , 0.0273 
6/29/2001, 0.1113 , 0.0980 , 0.5498 , 0.2133 , 0.0276 
7/31/2001, 0.1082 , 0.0972 , 0.5541 , 0.2106 , 0.0284 
8/31/2001, 0.1014 , 0.0989 , 0.5563 , 0.2145 , 0.0275 
9/28/2001, 0.1038 , 0.1025 , 0.5464 , 0.2172 , 0.0285 
10/31/2001, 0.1029 , 0.1058 , 0.5521 , 0.2111 , 0.0266 
11/30/2001, 0.1007 , 0.1056 , 0.5502 , 0.2143 , 0.0276 
12/31/2001, 0.0904 , 0.1052 , 0.5794 , 0.1963 , 0.0272 
1/31/2002, 0.0832 , 0.1055 , 0.5836 , 0.1985 , 0.0277 
2/28/2002, 0.0790 , 0.1043 , 0.5936 , 0.1928 , 0.0288 
3/29/2002, 0.0831 , 0.1044 , 0.5872 , 0.1953 , 0.0286 
4/30/2002, 0.0842 , 0.1042 , 0.5837 , 0.1980 , 0.0286 
5/31/2002, 0.0923 , 0.1082 , 0.5667 , 0.2018 , 0.0298 
6/28/2002, 0.0912 , 0.1109 , 0.5843 , 0.1835 , 0.0285 
7/31/2002, 0.0923 , 0.1131 , 0.5749 , 0.1895 , 0.0287 
8/30/2002, 0.0937 , 0.1151 , 0.5820 , 0.1781 , 0.0295 
9/30/2002, 0.0922 , 0.1132 , 0.5841 , 0.1790 , 0.0297 
10/31/2002, 0.0993 , 0.1136 , 0.5831 , 0.1710 , 0.0313 
11/29/2002, 0.0860 , 0.1147 , 0.5902 , 0.1768 , 0.0308 
12/31/2002, 0.0850 , 0.1118 , 0.5923 , 0.1796 , 0.0299 
1/31/2003, 0.0872 , 0.1150 , 0.5857 , 0.1801 , 0.0305 
2/28/2003, 0.0864 , 0.1104 , 0.5909 , 0.1790 , 0.0318 
3/31/2003, 0.0889 , 0.1102 , 0.5923 , 0.1752 , 0.0319 
4/30/2003, 0.0853 , 0.1113 , 0.5971 , 0.1728 , 0.0321 
5/30/2003, 0.0775 , 0.1120 , 0.5962 , 0.1817 , 0.0311 
6/30/2003, 0.0780 , 0.1119 , 0.5961 , 0.1817 , 0.0308 
7/31/2003, 0.0811 , 0.1088 , 0.6008 , 0.1769 , 0.0309 
8/29/2003, 0.0825 , 0.1071 , 0.5986 , 0.1792 , 0.0309 
9/30/2003, 0.0898 , 0.1036 , 0.5981 , 0.1751 , 0.0316 
10/31/2003, 0.0943 , 0.1067 , 0.5883 , 0.1764 , 0.0326 
11/28/2003, 0.0932 , 0.1075 , 0.5867 , 0.1778 , 0.0332 
12/31/2003, 0.0890 , 0.1084 , 0.5831 , 0.1851 , 0.0325 
1/30/2004, 0.0895 , 0.1096 , 0.5769 , 0.1895 , 0.0327 
2/27/2004, 0.0899 , 0.1076 , 0.5774 , 0.1902 , 0.0330 
3/31/2004, 0.0883 , 0.1103 , 0.5739 , 0.1916 , 0.0339 
4/30/2004, 0.1007 , 0.1074 , 0.5696 , 0.1863 , 0.0340 
5/31/2004, 0.1014 , 0.1077 , 0.5709 , 0.1854 , 0.0325 
6/30/2004, 0.0972 , 0.1079 , 0.5776 , 0.1832 , 0.0320 
7/30/2004, 0.1005 , 0.1055 , 0.5778 , 0.1832 , 0.0310 
8/31/2004, 0.0978 , 0.1081 , 0.5778 , 0.1813 , 0.0329 
9/30/2004, 0.0986 , 0.1075 , 0.5779 , 0.1803 , 0.0337 
10/29/2004, 0.0947 , 0.1091 , 0.5737 , 0.1857 , 0.0348 
11/30/2004, 0.0951 , 0.1089 , 0.5703 , 0.1898 , 0.0337 
12/31/2004, 0.0948 , 0.1100 , 0.5619 , 0.1963 , 0.0347 
1/31/2005, 0.0959 , 0.1108 , 0.5590 , 0.1972 , 0.0346 
2/28/2005, 0.0961 , 0.1126 , 0.5571 , 0.1964 , 0.0353 
3/31/2005, 0.0951 , 0.1140 , 0.5512 , 0.2010 , 0.0359 
4/29/2005, 0.0951 , 0.1123 , 0.5544 , 0.2005 , 0.0352 
5/31/2005, 0.0950 , 0.1137 , 0.5558 , 0.1970 , 0.0360 
6/30/2005, 0.0952 , 0.1100 , 0.5630 , 0.1945 , 0.0347 
7/29/2005, 0.0944 , 0.1093 , 0.5700 , 0.1872 , 0.0366 
8/31/2005, 0.0917 , 0.1129 , 0.5664 , 0.1897 , 0.0365 
9/30/2005, 0.0966 , 0.1142 , 0.5605 , 0.1898 , 0.0361 
10/31/2005, 0.1051 , 0.1128 , 0.5522 , 0.1902 , 0.0370 
11/30/2005, 0.1070 , 0.1125 , 0.5548 , 0.1874 , 0.0357 
12/30/2005, 0.1084 , 0.1083 , 0.5580 , 0.1867 , 0.0358 
1/31/2006, 0.1154 , 0.1089 , 0.5475 , 0.1895 , 0.0359 
2/28/2006, 0.1165 , 0.1104 , 0.5403 , 0.1932 , 0.0365 
3/31/2006, 0.1171 , 0.1094 , 0.5391 , 0.1948 , 0.0363 
4/28/2006, 0.1177 , 0.1097 , 0.5332 , 0.2005 , 0.0359 
5/31/2006, 0.1179 , 0.1127 , 0.5260 , 0.2027 , 0.0375 
6/30/2006, 0.1157 , 0.1135 , 0.5288 , 0.2024 , 0.0367 
7/31/2006, 0.1136 , 0.1128 , 0.5335 , 0.2001 , 0.0369 
8/31/2006, 0.1127 , 0.1148 , 0.5311 , 0.2012 , 0.0372 
9/29/2006, 0.1126 , 0.1134 , 0.5298 , 0.2038 , 0.0374 
10/31/2006, 0.1095 , 0.1111 , 0.5346 , 0.2050 , 0.0370 
11/30/2006, 0.1076 , 0.1131 , 0.5319 , 0.2060 , 0.0384 
12/29/2006, 0.1064 , 0.1128 , 0.5281 , 0.2100 , 0.0396 
1/31/2007, 0.1073 , 0.1138 , 0.5212 , 0.2141 , 0.0405 
2/28/2007, 0.1068 , 0.1120 , 0.5245 , 0.2131 , 0.0404 
3/30/2007, 0.1127 , 0.1121 , 0.5164 , 0.2141 , 0.0416 
4/30/2007, 0.1087 , 0.1115 , 0.5148 , 0.2188 , 0.0429 
5/31/2007, 0.1021 , 0.1117 , 0.5146 , 0.2251 , 0.0433 
6/29/2007, 0.1009 , 0.1100 , 0.5211 , 0.2216 , 0.0430 
7/31/2007, 0.1016 , 0.1121 , 0.5158 , 0.2228 , 0.0444 
8/31/2007, 0.1039 , 0.1110 , 0.5128 , 0.2236 , 0.0453 
9/28/2007, 0.1018 , 0.1096 , 0.5189 , 0.2216 , 0.0444 
10/31/2007, 0.1000 , 0.1093 , 0.5157 , 0.2222 , 0.0490 
11/30/2007, 0.0970 , 0.1127 , 0.5116 , 0.2240 , 0.0508 
12/31/2007, 0.0987 , 0.1102 , 0.5067 , 0.2308 , 0.0500 
1/31/2008, 0.0961 , 0.1089 , 0.5120 , 0.2298 , 0.0495 
2/29/2008, 0.0993 , 0.1072 , 0.5207 , 0.2210 , 0.0482 
3/31/2008, 0.1008 , 0.1080 , 0.5095 , 0.2284 , 0.0499 
4/30/2008, 0.0978 , 0.1053 , 0.5091 , 0.2360 , 0.0483 
5/30/2008, 0.0993 , 0.1060 , 0.5122 , 0.2298 , 0.0492 
6/30/2008, 0.1006 , 0.1030 , 0.5187 , 0.2251 , 0.0490 
7/31/2008, 0.1020 , 0.1056 , 0.5200 , 0.2195 , 0.0496 
8/29/2008, 0.1019 , 0.1034 , 0.5222 , 0.2210 , 0.0482 
9/30/2008, 0.1000 , 0.1010 , 0.5344 , 0.2152 , 0.0463 
10/31/2008, 0.1001 , 0.0982 , 0.5475 , 0.2075 , 0.0437 
11/28/2008, 0.1058 , 0.0985 , 0.5546 , 0.1991 , 0.0397 
12/31/2008, 0.1117 , 0.0976 , 0.5492 , 0.1983 , 0.0410 
1/30/2009, 0.1176 , 0.0913 , 0.5355 , 0.2108 , 0.0426 
2/27/2009, 0.1198 , 0.0943 , 0.5415 , 0.1998 , 0.0423 
3/31/2009, 0.1172 , 0.0961 , 0.5412 , 0.1985 , 0.0450 
4/30/2009, 0.1111 , 0.0942 , 0.5444 , 0.2005 , 0.0476 
5/29/2009, 0.1102 , 0.0950 , 0.5384 , 0.2046 , 0.0493 
6/30/2009, 0.1107 , 0.0984 , 0.5330 , 0.2035 , 0.0515 
7/31/2009, 0.1136 , 0.0979 , 0.5315 , 0.2006 , 0.0536 
8/31/2009, 0.1095 , 0.0988 , 0.5282 , 0.2054 , 0.0553 
9/30/2009, 0.1093 , 0.0996 , 0.5227 , 0.2107 , 0.0548 
10/30/2009, 0.1030 , 0.0987 , 0.5224 , 0.2147 , 0.0580 
11/30/2009, 0.1026 , 0.1018 , 0.5189 , 0.2139 , 0.0595 
12/31/2009, 0.0980 , 0.1007 , 0.5285 , 0.2121 , 0.0581 
1/29/2010, 0.0974 , 0.1013 , 0.5300 , 0.2100 , 0.0589 
2/26/2010, 0.1045 , 0.0999 , 0.5303 , 0.2057 , 0.0574 
3/31/2010, 0.1034 , 0.0965 , 0.5410 , 0.1990 , 0.0581 
4/30/2010, 0.1022 , 0.0960 , 0.5413 , 0.1999 , 0.0586 
5/31/2010, 0.1026 , 0.0952 , 0.5499 , 0.1922 , 0.0584 
6/30/2010, 0.1045 , 0.0942 , 0.5600 , 0.1842 , 0.0557 
7/30/2010, 0.1062 , 0.0952 , 0.5490 , 0.1909 , 0.0575 
8/31/2010, 0.1023 , 0.0989 , 0.5425 , 0.1963 , 0.0585 
9/30/2010, 0.1043 , 0.1004 , 0.5398 , 0.1948 , 0.0593 
10/29/2010, 0.0984 , 0.1000 , 0.5384 , 0.2003 , 0.0615 
11/30/2010, 0.0971 , 0.1003 , 0.5385 , 0.2015 , 0.0611 
12/31/2010, 0.1008 , 0.0970 , 0.5500 , 0.1890 , 0.0620 
1/31/2011, 0.1014 , 0.0970 , 0.5465 , 0.1917 , 0.0623 
2/28/2011, 0.0994 , 0.0966 , 0.5457 , 0.1967 , 0.0602 
3/31/2011, 0.1008 , 0.0968 , 0.5470 , 0.1954 , 0.0588 
4/30/2011, 0.0920 , 0.0956 , 0.5519 , 0.1980 , 0.0613 
5/31/2011, 0.0887 , 0.0980 , 0.5458 , 0.2049 , 0.0615 
6/30/2011, 0.0884 , 0.0975 , 0.5513 , 0.2011 , 0.0607 
7/31/2011, 0.0913 , 0.0961 , 0.5493 , 0.2016 , 0.0607 
8/31/2011, 0.0962 , 0.0979 , 0.5482 , 0.1951 , 0.0617 
9/30/2011, 0.0955 , 0.0972 , 0.5575 , 0.1867 , 0.0623 
10/31/2011, 0.1022 , 0.0967 , 0.5621 , 0.1801 , 0.0583 
11/30/2011, 0.0925 , 0.0983 , 0.5648 , 0.1832 , 0.0607 
12/31/2011, 0.0907 , 0.0979 , 0.5765 , 0.1775 , 0.0570 
