Date,AUSTRUS,CDNDLUS,EURO.US,JAPYNUS/100,NEWZDUS,SWISFUS,BRITPUS,BRUSDSP,CZECKUS,HUNGFUS/100,INDNRUS/100,INDONUS/1000,SKORWUS,MEXPFUS,NORGKUS,PHILPUS,POLZLUS,1/RSUSDSP,SWEDKUS,TAIWDUS,SINGDUS,THAIBUS,TURKLUS,SARFNUS,CHILPUS,MALAYUS,US$CWMN,CHINYUS,HKDOLUS,DANKRUS,BOEUSA$
1/29/1999,0.6288,0.6618,1.136,0.008595,0.5389,0.7064,1.6452,1.9828,0.03087,0.004561,0.02353,0.0001106,0.00085,0.0983598,0.1329,0.02597,0.2727,0.0439,0.1282,0.03096,0.5912,0.02711,2.99979,0.165,0.002044,0.2632,95.5994,0.1208,0.129,0.1527,105.57
2/26/1999,0.6187,0.6632,1.1025,0.0084,0.5228,0.6911,1.603,2.0644,0.02915,0.004334,0.02343,0.0001136,0.00082,0.101,0.1267,0.02567,0.2535,0.0438,0.1226,0.03023,0.5807,0.02679,2.81958,0.1615,0.001992,0.2632,97.5429,0.1208,0.1291,0.1483,107.71
3/31/1999,0.63432,0.66282,1.077,0.008414,0.5357,0.67499,1.61186,1.7216,0.027933,0.004208,0.023565,0.000115,0.00081,0.105042,0.128811,0.025779,0.250075,0.0414,0.121054,0.030172,0.579,0.026589,3,0.1624,0.002061,0.26316,97.96,0.120773,0.129041,0.14485,108.23
4/30/1999,0.6616,0.6866,1.058,0.00838,0.5588,0.657,1.609,1.6603,0.02816,0.004235,0.02335,0.0001238,0.00084,0.1075,0.1282,0.02628,0.2527,0.0413,0.1187,0.03059,0.5898,0.02686,2.56998,0.1638,0.002065,0.2632,97.9125,0.1208,0.129,0.1424,108.21
5/31/1999,0.6524,0.6784,1.0421,0.008229,0.5356,0.6547,1.6013,1.7236,0.02768,0.004185,0.0233,0.0001231,0.00084,0.103,0.1261,0.0263,0.2504,0.0409,0.1161,0.03054,0.5796,0.02696,2.47965,0.16,0.002025,0.2632,98.9972,0.1208,0.129,0.1401,109.42
6/30/1999,0.6675,0.6789,1.0342,0.008249,0.5348,0.6451,1.5773,1.7691,0.02832,0.004138,0.02306,0.0001501,0.00086,0.1066999,0.1276,0.02627,0.2547,0.0413,0.1184,0.03096,0.5885,0.02712,2.37999,0.1658,0.001928,0.2632,99.5112,0.1208,0.1289,0.1391,110.17
7/30/1999,0.6525,0.6639,1.071,0.008734,0.5303,0.67128,1.6227,1.7888,0.02923,0.004221,0.02307,0.0001452,0.00083,0.1063,0.1286,0.02597,0.2594,0.0413,0.1218,0.03106,0.5944,0.02687,2.33995,0.1624,0.00195,0.2632,97.4724,0.1208,0.1288,0.1438,107.23
8/31/1999,0.64,0.6702,1.0573,0.009129,0.5181,0.6607,1.6055,1.9155,0.02887,0.004164,0.023,0.0001303,0.00085,0.107,0.1276,0.0252,0.2517,0.0404,0.1213,0.03145,0.5937,0.02608,2.23983,0.1643,0.001935,0.2632,96.6992,0.1208,0.1288,0.1423,106.17
9/30/1999,0.6521,0.6812,1.069,0.009406,0.5177,0.6687,1.6471,1.9219,0.02985,0.004141,0.02292,0.0001202,0.00082,0.1066999,0.1303,0.02445,0.2439,0.0399,0.1228,0.0315,0.5889,0.02443,2.16998,0.1665,0.001887,0.2632,95.2238,0.1208,0.1287,0.1434,104.29
10/29/1999,0.6377,0.6798,1.0549,0.009606,0.5081,0.6573,1.6453,1.9526,0.02872,0.00412,0.02303,0.0001465,0.00083,0.1041,0.1279,0.02494,0.237,0.0383,0.122,0.03153,0.6015,0.02589,2.07964,0.1627,0.001827,0.2632,95.2188,0.1208,0.1287,0.1419,104.21
11/30/1999,0.6354,0.6786,1.0091,0.009794,0.5095,0.6299,1.5984,1.9223,0.02796,0.003973,0.02304,0.0001367,0.00086,0.1059,0.1241,0.02439,0.2358,0.0379,0.1176,0.03157,0.5949,0.02563,1.9297,0.1619,0.001834,0.2632,96.4453,0.1208,0.1288,0.1355,105.33
12/31/1999,0.656,0.6924,1.0068,0.009792,0.5229,0.6281,1.6153,1.7886,0.02793,0.003957,0.02299,0.0001431,0.00088,0.1055,0.1248,0.02481,0.2418,0.037,0.1176,0.03186,0.6004,0.02655,1.83983,0.1625,0.001888,0.2632,95.8083,0.1208,0.1286,0.1353,105.06
1/31/2000,0.6369,0.6917,0.9705,0.009313,0.496,0.6035,1.6155,1.802,0.02724,0.003801,0.02294,0.0001342,0.00089,0.1043,0.1199,0.02466,0.2376,0.035,0.1128,0.0326,0.5875,0.02664,1.78954,0.1585,0.001931,0.2632,98.1888,0.1208,0.1285,0.1309,107.34
2/29/2000,0.6187,0.6898,0.9654,0.009074,0.4901,0.601,1.5786,1.7681,0.02712,0.003759,0.02293,0.0001345,0.00088,0.1066999,0.1196,0.02439,0.2401,0.0349,0.1143,0.03257,0.58,0.02623,1.73971,0.1578,0.00199,0.2632,99.3742,0.1208,0.1285,0.1299,109.1
3/31/2000,0.607,0.6899,0.9561,0.009711,0.4975,0.6006,1.5913,1.7469,0.02646,0.0037,0.02294,0.0001318,0.0009,0.108,0.1181,0.02434,0.2422,0.0351,0.1157,0.03286,0.5841,0.02644,1.7,0.1532,0.001987,0.2632,98.0586,0.1208,0.1284,0.1284,106.86
4/28/2000,0.5839,0.6756,0.9116,0.009242,0.4859,0.5817,1.5534,1.8063,0.02501,0.003528,0.02291,0.0001262,0.0009,0.1064,0.1118,0.02422,0.2237,0.0352,0.112,0.03269,0.586,0.02626,1.64,0.1473,0.001941,0.2632,101.8361,0.1208,0.1284,0.1221,111.25
5/31/2000,0.5731,0.668,0.9378,0.009276,0.4587,0.5951,1.5008,1.8262,0.02588,0.003619,0.02243,0.0001157,0.00089,0.1051,0.1128,0.02345,0.2275,0.0354,0.1118,0.03246,0.5772,0.02553,1.62,0.1437,0.001907,0.2632,101.6856,0.1208,0.1283,0.1256,111.29
6/30/2000,0.5968,0.6759,0.9548,0.009432,0.4691,0.6126,1.5173,1.7996,0.02679,0.003671,0.0224,0.0001142,0.0009,0.1018,0.1165,0.02312,0.2296,0.0356,0.1138,0.03255,0.5786,0.02551,1.61,0.1475,0.001853,0.2632,99.9414,0.1208,0.1283,0.128,108.94
7/31/2000,0.5802,0.6724,0.9273,0.009143,0.4544,0.5988,1.499,1.7744,0.02618,0.003559,0.0222,0.000112,0.0009,0.107,0.1128,0.02227,0.2305,0.0361,0.1092,0.03225,0.5774,0.02421,1.57,0.1438,0.0018,0.2632,102.0888,0.1208,0.1282,0.1243,111.64
8/31/2000,0.5767,0.6793,0.8874,0.009375,0.4275,0.5736,1.4513,1.823,0.02515,0.003397,0.02183,0.00012,0.0009,0.1087,0.1101,0.02217,0.2281,0.036,0.1059,0.03222,0.581,0.02447,1.53,0.1434,0.001774,0.2632,102.9537,0.1208,0.1282,0.119,112.41
9/29/2000,0.5428,0.6653,0.8844,0.009252,0.4076,0.58,1.4764,1.8433,0.02489,0.003345,0.02175,0.0001142,0.0009,0.1059,0.1104,0.02165,0.2208,0.036,0.1037,0.03201,0.5749,0.02373,1.5,0.1382,0.001774,0.2632,104.07,0.1208,0.1283,0.1184,113.6
10/31/2000,0.5212,0.6569,0.8493,0.009167,0.3988,0.5564,1.4497,1.9086,0.02436,0.003224,0.02135,0.000107,0.00088,0.1045,0.1079,0.01955,0.2152,0.0359,0.1001,0.03096,0.57,0.02275,1.47,0.1323,0.001753,0.2632,106.5666,0.1208,0.1282,0.1141,116.23
11/30/2000,0.52845,0.6513,0.87235,0.009058,0.41145,0.5781,1.4265,1.9592,0.0252,0.003292,0.02134,0.0001049,0.00082,0.1061,0.1079,0.02015,0.2229,0.0359,0.0998,0.03028,0.5705,0.02284,1.46,0.1291,0.00173,0.2632,106.4392,0.1208,0.1282,0.1169,116.14
12/29/2000,0.55865,0.66713,0.94205,0.0087439,0.4437,0.62016,1.496,1.955,0.0268276,0.0035462,0.021422,0.0001034,0.00079,0.1042666,0.113431,0.02,0.241984,0.0355,0.106168,0.03019,0.5767,0.0230415,1.50644,0.13175,0.001743,0.26316,102.9843,0.120811,0.12821,0.12619,113
1/31/2001,0.54975,0.66765,0.93755,0.00858,0.44355,0.6117,1.4644,1.9707,0.0269651,0.0035111,0.021552,0.0001059,0.0008,0.1041951,0.114055,0.0204082,0.244469,0.0352,0.105675,0.031,0.5736,0.0235322,1.48924,0.12916,0.001781,0.26319,103.9767,0.120801,0.128225,0.12567,114.17
2/28/2001,0.52605,0.6507,0.9234,0.0085251,0.43135,0.59916,1.4448,2.0448,0.0266418,0.0034594,0.021482,0.0001015,0.0008,0.1034271,0.112199,0.0207361,0.247188,0.0348,0.102006,0.0309,0.5732,0.0231992,1.04091,0.13042,0.001742,0.26319,105.5072,0.120798,0.128213,0.12375,115.75
3/30/2001,0.48555,0.63444,0.87725,0.0079192,0.40285,0.57376,1.4165,2.1612,0.0254162,0.0032908,0.021452,0.0000959,0.00075,0.1051731,0.109105,0.0201715,0.244588,0.0348,0.096059,0.0305,0.554,0.0222099,0.99574,0.12422,0.001679,0.26312,110.1998,0.120806,0.128225,0.11763,120.79
4/30/2001,0.5125,0.65144,0.889,0.0080919,0.4139,0.57755,1.4332,2.1843,0.0257314,0.0033197,0.021354,0.0000862,0.00076,0.1081869,0.110216,0.0194553,0.252366,0.0347,0.097633,0.0304,0.549,0.021925,0.87686,0.12453,0.001664,0.26319,108.4152,0.120811,0.12822,0.1192,119.27
5/31/2001,0.50685,0.65041,0.8444,0.0083815,0.40945,0.55639,1.4186,2.3596,0.024731,0.0033329,0.021288,0.0000899,0.00078,0.1090869,0.10672,0.019802,0.25091,0.0344,0.092608,0.0295,0.5526,0.0220386,0.8547,0.12508,0.001637,0.26312,109.8231,0.120817,0.128209,0.11336,120.06
6/29/2001,0.51075,0.6598,0.8497,0.0080244,0.40765,0.55763,1.4163,2.3045,0.0250658,0.0034781,0.021256,0.0000878,0.00077,0.1104864,0.107279,0.019073,0.249377,0.0344,0.092157,0.029,0.5488,0.0221068,0.79681,0.12426,0.001583,0.26316,110.2987,0.120821,0.128203,0.11417,121.38
7/31/2001,0.50975,0.65221,0.87635,0.0079987,0.41345,0.57953,1.42525,2.4309,0.0257898,0.0035283,0.021216,0.0001053,0.00077,0.1094616,0.109853,0.0186741,0.234742,0.0342,0.094994,0.0288,0.5546,0.0218818,0.75211,0.121,0.001492,0.26319,109.1801,0.120817,0.128218,0.11769,120.17
8/31/2001,0.52935,0.64499,0.9125,0.0084196,0.43955,0.60107,1.4542,2.5513,0.0266117,0.0035935,0.021222,0.0001128,0.00078,0.1086366,0.113107,0.0196078,0.235894,0.034,0.096097,0.029,0.5746,0.0227015,0.72993,0.11848,0.001504,0.26316,106.6263,0.120818,0.128208,0.12236,117.12
9/28/2001,0.49125,0.63323,0.9114,0.0083661,0.4073,0.61679,1.4744,2.6709,0.0268435,0.0035488,0.020894,0.0001029,0.00077,0.1052725,0.112759,0.0194609,0.236546,0.034,0.093582,0.029,0.5656,0.0225683,0.65142,0.11099,0.001443,0.26319,107.3118,0.12082,0.128212,0.1226,117.51
10/31/2001,0.50295,0.62968,0.90035,0.0081646,0.41075,0.61173,1.4547,2.7067,0.0267946,0.0035308,0.020831,0.0000955,0.00077,0.1079943,0.112499,0.0192493,0.244499,0.0337,0.093786,0.029,0.5484,0.0223889,0.62822,0.10593,0.001401,0.26319,108.658,0.12082,0.128213,0.12095,119.15
11/30/2001,0.52175,0.63646,0.8956,0.0080965,0.41695,0.6092,1.4242,2.5283,0.0270599,0.0035595,0.020866,0.0000956,0.00079,0.1079814,0.111956,0.0192493,0.246154,0.0334,0.093761,0.0291,0.5459,0.0227609,0.6759,0.09747,0.001457,0.26319,108.6793,0.120811,0.128233,0.1204,119.5
12/31/2001,0.51195,0.62657,0.8903,0.0076339,0.4165,0.60223,1.45565,2.32,0.0280576,0.0035971,0.020719,0.0000957,0.00076,0.1090988,0.111485,0.0193498,0.250947,0.0332,0.095325,0.0286,0.5419,0.0226296,0.68966,0.08403,0.001513,0.26312,110.5359,0.120821,0.12824,0.11978,122.19
1/31/2002,0.50795,0.62921,0.8592,0.0074228,0.41605,0.58156,1.4105,2.4179,0.0270548,0.0035336,0.02061,0.000097,0.00076,0.1092569,0.109773,0.0195122,0.239664,0.0326,0.093864,0.0286,0.5437,0.0226989,0.75959,0.08745,0.001474,0.26312,112.8303,0.120824,0.128218,0.11567,124.58
2/28/2002,0.51835,0.62457,0.86945,0.0075002,0.42245,0.58948,1.4167,2.3478,0.0273373,0.0035408,0.020511,0.0000985,0.00076,0.1100013,0.112663,0.0194932,0.236675,0.0323,0.095914,0.0285,0.546,0.0228676,0.71683,0.08778,0.001488,0.26316,112.6858,0.120824,0.128213,0.11702,124.6
3/29/2002,0.53335,0.627,0.87185,0.0075344,0.4404,0.59427,1.4259,2.3367,0.0277158,0.0035803,0.020485,0.0001018,0.00075,0.1109359,0.112941,0.0196002,0.242925,0.0322,0.096534,0.02861,0.5424,0.0229832,0.74123,0.08826,0.001523,0.26312,111.7932,0.120665,0.12821,0.11725,123.57
4/30/2002,0.53845,0.63796,0.90055,0.0077797,0.44805,0.61841,1.4576,2.3621,0.0295029,0.0037037,0.02041,0.0001072,0.00077,0.106675,0.118886,0.0197824,0.250426,0.0321,0.097482,0.02884,0.5505,0.023116,0.7446,0.09376,0.001546,0.26319,108.9291,0.120667,0.128221,0.12114,120.28
5/31/2002,0.56725,0.65469,0.9337,0.0080567,0.48055,0.63599,1.45425,2.5216,0.0306876,0.0038555,0.020404,0.0001132,0.00082,0.1036979,0.124931,0.0199104,0.248589,0.0319,0.102638,0.02941,0.559,0.0235933,0.6918,0.1023,0.001525,0.26319,105.6461,0.120824,0.128208,0.12577,116.64
6/28/2002,0.56355,0.65943,0.9911,0.0083623,0.48705,0.67522,1.5331,2.844,0.0336944,0.004051,0.020458,0.0001148,0.00083,0.1004469,0.133392,0.0198413,0.246975,0.0318,0.109129,0.02993,0.5664,0.0240906,0.63291,0.09713,0.001457,0.26312,102.2038,0.120669,0.128211,0.13351,112.65
7/31/2002,0.54225,0.63123,0.97735,0.0083483,0.4651,0.67322,1.5634,3.4281,0.0323892,0.0039849,0.020544,0.0001103,0.00084,0.1013376,0.131244,0.0195255,0.23955,0.0318,0.105733,0.0298,0.5671,0.0238777,0.59172,0.09802,0.001414,0.26312,103.5847,0.120675,0.128199,0.13151,113.93
8/30/2002,0.55085,0.64152,0.9815,0.0084424,0.46925,0.66747,1.5498,3.0219,0.0322982,0.0040068,0.020629,0.0001129,0.00083,0.101029,0.132947,0.0192864,0.239664,0.0317,0.106468,0.02925,0.5717,0.0237023,0.61538,0.09434,0.00141,0.26319,102.9428,0.120674,0.128199,0.13214,113.21
9/30/2002,0.54265,0.63006,0.98655,0.0082173,0.46885,0.67753,1.56805,3.8945,0.0325383,0.0040544,0.020672,0.0001111,0.00082,0.0977842,0.134842,0.019084,0.240819,0.0316,0.107746,0.02868,0.5609,0.0230867,0.60093,0.09491,0.001335,0.26319,103.5592,0.120668,0.128208,0.13282,114.07
10/31/2002,0.55515,0.64154,0.9907,0.0081619,0.4861,0.67741,1.5657,3.6446,0.0322227,0.0041026,0.020678,0.0001085,0.00082,0.0986456,0.134589,0.0188501,0.247985,0.0315,0.109299,0.02882,0.5658,0.023092,0.59591,0.09985,0.001376,0.26312,103.2157,0.120669,0.128213,0.13333,113.86
11/29/2002,0.56095,0.63879,0.9938,0.0081613,0.49805,0.67451,1.5575,3.6361,0.0322768,0.0041821,0.020691,0.0001114,0.00083,0.0985221,0.136679,0.0186741,0.249097,0.0314,0.110677,0.02881,0.5675,0.0229911,0.64977,0.10817,0.001421,0.26312,103.1311,0.120668,0.128223,0.13404,113.73
12/31/2002,0.56155,0.63621,1.04885,0.0084193,0.52425,0.72288,1.60965,3.5329,0.0332635,0.0044471,0.020844,0.0001117,0.00084,0.0967661,0.144192,0.0186567,0.262433,0.0315,0.115042,0.02886,0.5759,0.0231992,0.60419,0.11669,0.001388,0.26319,100.2583,0.120816,0.128226,0.14126,110.47
1/31/2003,0.58825,0.65792,1.07715,0.0083378,0.54455,0.73327,1.64705,3.5254,0.0341822,0.0044147,0.020923,0.0001127,0.00085,0.0916674,0.14459,0.0185701,0.261677,0.0314,0.116594,0.02882,0.5753,0.0233863,0.60602,0.11751,0.00136,0.26312,98.3098,0.120817,0.128207,0.14468,108.92
2/28/2003,0.60895,0.67404,1.0808,0.0084638,0.56015,0.73948,1.5737,3.5628,0.033957,0.0044365,0.020973,0.0001126,0.00084,0.0907194,0.139844,0.0183486,0.255925,0.0317,0.117813,0.02878,0.5759,0.0233699,0.62539,0.12376,0.001335,0.26319,97.3896,0.120665,0.128222,0.14546,107.9
3/31/2003,0.60435,0.6812,1.092,0.0084724,0.5552,0.74027,1.5825,3.3527,0.0341309,0.004413,0.021066,0.0001123,0.0008,0.0926741,0.137567,0.0186829,0.244051,0.0319,0.118298,0.02882,0.5671,0.0233427,0.58275,0.1269,0.001363,0.26312,96.5993,0.120669,0.12821,0.14706,107.21
4/30/2003,0.62635,0.69913,1.11825,0.008409,0.56205,0.73806,1.5997,2.8894,0.0352001,0.0045491,0.021086,0.0001152,0.00082,0.0972715,0.142749,0.0190404,0.263158,0.0322,0.122609,0.02869,0.5639,0.0234907,0.63654,0.13736,0.001424,0.26312,94.9395,0.120669,0.12822,0.15069,105.8
5/30/2003,0.65275,0.73169,1.17855,0.0083787,0.57705,0.77042,1.636,2.9652,0.037618,0.0047282,0.021207,0.0001203,0.00083,0.0968476,0.149683,0.0187899,0.268276,0.0326,0.129107,0.02886,0.5772,0.0239464,0.69711,0.12346,0.001406,0.26312,91.6268,0.120674,0.128228,0.15861,102.61
6/30/2003,0.6734,0.74278,1.1529,0.0083507,0.58785,0.74074,1.65585,2.8716,0.0360231,0.004328,0.021065,0.0001217,0.00084,0.0956434,0.138787,0.0188041,0.25641,0.033,0.125573,0.02894,0.5698,0.0238095,0.70775,0.13362,0.00143,0.26312,92.1042,0.121271,0.128228,0.15514,103.28
7/31/2003,0.64845,0.71157,1.12365,0.0082912,0.5813,0.72987,1.6099,2.9651,0.0347397,0.0042541,0.021635,0.0001175,0.00085,0.0942551,0.137275,0.0182582,0.258354,0.033,0.121734,0.0291,0.5684,0.0238095,0.69808,0.13582,0.001413,0.26312,94.4006,0.120665,0.128215,0.15116,105.32
8/29/2003,0.64715,0.72119,1.0985,0.0085529,0.57835,0.71408,1.5777,2.9661,0.0338306,0.0042598,0.021808,0.0001179,0.00085,0.0907812,0.133145,0.0182116,0.252239,0.0328,0.119574,0.02934,0.5699,0.0243043,0.71245,0.13596,0.001434,0.26319,94.347,0.120668,0.128213,0.14795,104.96
9/30/2003,0.68015,0.73956,1.16575,0.0089698,0.59495,0.75795,1.66075,2.923,0.036527,0.0045736,0.021803,0.0001196,0.00087,0.0910042,0.141937,0.0183184,0.253302,0.0327,0.128936,0.02964,0.5785,0.0249594,0.72264,0.1438,0.001513,0.26312,90.1292,0.121271,0.129129,0.157,100.26
10/31/2003,0.70775,0.75867,1.1583,0.0090868,0.61365,0.74638,1.6981,2.8558,0.0361886,0.0044479,0.022025,0.0001176,0.00084,0.09074,0.140742,0.0180636,0.248293,0.0335,0.127611,0.02947,0.5744,0.0250501,0.67204,0.14574,0.001596,0.26312,89.2009,0.120677,0.128798,0.15594,99.03
11/28/2003,0.72425,0.7697,1.19985,0.0091199,0.63945,0.77423,1.7217,2.949,0.0374939,0.004564,0.02177,0.0001175,0.00083,0.0879043,0.146826,0.0179276,0.255984,0.0336,0.132529,0.02928,0.5804,0.0250376,0.68166,0.15604,0.001609,0.26312,87.3515,0.120671,0.128805,0.16126,97.39
12/31/2003,0.75345,0.77337,1.25905,0.0093275,0.6558,0.80717,1.78555,2.8888,0.0388214,0.0047781,0.021915,0.0001188,0.00084,0.0890472,0.150001,0.0180067,0.267766,0.034,0.13928,0.02946,0.5888,0.0252493,0.71124,0.15108,0.001686,0.26302,84.8885,0.120748,0.128806,0.16926,94.57
1/30/2004,0.76305,0.75529,1.24665,0.0094536,0.67475,0.79561,1.8247,2.9405,0.0373734,0.0047364,0.022082,0.0001183,0.00085,0.0904731,0.142517,0.0178955,0.259511,0.0351,0.135291,0.03003,0.5903,0.025481,0.74679,0.14142,0.001712,0.26295,85.6255,0.120747,0.128591,0.16741,95.32
2/27/2004,0.77375,0.74878,1.24935,0.0091433,0.68625,0.79202,1.86785,2.9134,0.0383494,0.0048657,0.022098,0.0001183,0.00085,0.0903996,0.142741,0.0177525,0.255252,0.0351,0.135316,0.03008,0.5887,0.025455,0.75311,0.15068,0.001696,0.26298,86.2932,0.120745,0.128479,0.16762,96.25
3/31/2004,0.76535,0.7635,1.23065,0.0095909,0.668,0.7897,1.84315,2.9082,0.0374672,0.0049566,0.02304,0.0001167,0.00087,0.0898392,0.145904,0.0177968,0.259094,0.0351,0.132529,0.03035,0.5971,0.0254745,0.76081,0.15926,0.001633,0.26281,85.3923,0.120744,0.128337,0.16529,94.77
4/30/2004,0.72065,0.7287,1.19845,0.0090457,0.6261,0.77175,1.7788,2.9443,0.0368453,0.004773,0.022464,0.0001146,0.00085,0.0875963,0.145641,0.017838,0.249258,0.0346,0.130818,0.03011,0.5873,0.0249719,0.70419,0.14336,0.001605,0.26302,88.8148,0.120742,0.12821,0.16098,98.76
5/31/2004,0.71585,0.73394,1.21925,0.0091378,0.6332,0.79751,1.83275,3.1287,0.0384904,0.0048391,0.021978,0.0001079,0.00086,0.0874738,0.148571,0.0179308,0.261773,0.0345,0.134073,0.02997,0.5893,0.0247005,0.67148,0.15342,0.00156,0.26316,87.724,0.120744,0.128315,0.16393,97.67
6/30/2004,0.69825,0.75005,1.21865,0.0091891,0.6364,0.79994,1.81955,3.1071,0.0381986,0.0048577,0.021742,0.0001064,0.00087,0.0870739,0.144287,0.0178317,0.270724,0.0345,0.13295,0.02976,0.5821,0.0244409,0.67351,0.16272,0.001571,0.26316,87.3444,0.120785,0.128212,0.16396,97.09
7/30/2004,0.70325,0.75086,1.20145,0.0089783,0.6378,0.78003,1.8197,3.0264,0.0379406,0.0048365,0.021563,0.0001094,0.00085,0.0876194,0.142468,0.0178635,0.274861,0.0344,0.130302,0.02942,0.5815,0.0242101,0.68178,0.15966,0.001555,0.26316,87.8209,0.120781,0.128202,0.16173,97.89
8/31/2004,0.70525,0.76196,1.21815,0.0091638,0.65625,0.78964,1.80235,2.9334,0.0382673,0.0048993,0.021589,0.0001067,0.00087,0.0878194,0.145643,0.0178126,0.273628,0.0342,0.133352,0.0294551,0.5845,0.024024,0.6653,0.15073,0.0015974,0.26316,86.8056,0.120786,0.128196,0.16375,96.94
9/30/2004,0.72635,0.79233,1.24295,0.0090831,0.6765,0.8025,1.81185,2.8582,0.0393778,0.0050383,0.021771,0.0001093,0.00087,0.0878503,0.149007,0.0177825,0.284827,0.0342,0.137368,0.0294221,0.5935,0.0241109,0.66478,0.15498,0.0016378,0.26316,85.2068,0.120785,0.128279,0.16702,95.31
10/29/2004,0.74825,0.82136,1.27895,0.0094612,0.6842,0.83696,1.83665,2.8561,0.0406091,0.0052043,0.022013,0.00011,0.00089,0.0866739,0.157035,0.0177651,0.29536,0.0347,0.141279,0.0298842,0.6011,0.0243576,0.67716,0.16376,0.0016262,0.26316,82.6318,0.120786,0.128479,0.17206,92.43
11/30/2004,0.77325,0.84211,1.32875,0.0097045,0.7147,0.87689,1.90925,2.7303,0.0428614,0.0054142,0.022456,0.000111,0.00095,0.0890155,0.162819,0.0177999,0.317219,0.0354,0.148843,0.0310318,0.6106,0.0253646,0.69857,0.17218,0.0016968,0.26316,79.9122,0.120786,0.128611,0.17884,89.14
12/31/2004,0.78115,0.83222,1.35615,0.009748,0.7183,0.87708,1.91855,2.654,0.0447718,0.005534,0.023016,0.0001078,0.00097,0.0897263,0.164663,0.0177683,0.333022,0.036,0.15034,0.0314738,0.6126,0.0257169,0.74236,0.17709,0.001796,0.26316,79.4921,0.120786,0.128657,0.18234,88.57
1/31/2005,0.77545,0.80613,1.3045,0.0096502,0.711,0.84161,1.8839,2.6244,0.0433445,0.0053118,0.022912,0.0001091,0.00097,0.0894534,0.157178,0.0181554,0.32111,0.0356,0.143154,0.0314564,0.6107,0.0259437,0.74873,0.1674,0.0017224,0.26315,81.674,0.120748,0.12822,0.17529,91.07
2/28/2005,0.79115,0.80939,1.32155,0.0095625,0.72615,0.85896,1.92025,2.5946,0.0445276,0.005463,0.022916,0.0001079,0.00099,0.0901469,0.160686,0.0182565,0.339559,0.036,0.145831,0.0321699,0.6164,0.0261404,0.78119,0.17196,0.0017472,0.26316,80.8085,0.120786,0.128254,0.17755,90.3
3/31/2005,0.77275,0.82655,1.29655,0.0093305,0.7115,0.83605,1.88935,2.6658,0.0431276,0.0052416,0.022883,0.0001056,0.00098,0.0895175,0.157711,0.0182315,0.316716,0.0359,0.141399,0.0317269,0.6058,0.0255591,0.73954,0.16053,0.0017061,0.26315,81.7562,0.120786,0.128217,0.17402,91.51
4/29/2005,0.78035,0.79504,1.28745,0.0095543,0.73025,0.83672,1.90885,2.5309,0.0421194,0.0050974,0.022995,0.0001045,0.001,0.0903301,0.158303,0.0184723,0.300129,0.036,0.14019,0.0320225,0.6107,0.0253518,0.71886,0.16416,0.0017156,0.26316,82.3889,0.120786,0.128299,0.1729,91.93
5/31/2005,0.75605,0.79723,1.23085,0.009217,0.7048,0.80154,1.81745,2.4034,0.0405039,0.0048436,0.022883,0.0001051,0.00099,0.091954,0.15489,0.0185117,0.294811,0.0356,0.134392,0.0318471,0.6001,0.0246275,0.7347,0.14677,0.0017144,0.26316,84.6119,0.120748,0.128525,0.1654,94.51
6/30/2005,0.76285,0.81606,1.20905,0.0090257,0.697,0.77961,1.79055,2.35,0.0401735,0.0048943,0.022991,0.0001024,0.00097,0.0930969,0.152898,0.0178699,0.298864,0.0349,0.127898,0.0315956,0.5933,0.0241984,0.75047,0.15006,0.0017283,0.26315,85.3439,0.120786,0.128687,0.16225,95.61
7/29/2005,0.75705,0.81726,1.21225,0.0088924,0.6809,0.77622,1.75745,2.3901,0.0401865,0.0049476,0.023028,0.000102,0.00097,0.0943663,0.154238,0.0178079,0.298027,0.0349,0.128853,0.0313775,0.6022,0.0240183,0.75386,0.15226,0.0017848,0.26663,85.6046,0.123295,0.128634,0.16266,96.01
8/31/2005,0.75445,0.84133,1.23405,0.0090379,0.6958,0.79789,1.80355,2.3633,0.041956,0.0050536,0.022714,0.0001,0.00096,0.0929886,0.156905,0.0177699,0.307267,0.035,0.132363,0.0305297,0.5948,0.0242395,0.74388,0.15734,0.0018423,0.26504,83.8648,0.123384,0.128674,0.16546,94.41
9/30/2005,0.76205,0.85624,1.2066,0.0087708,0.692,0.77313,1.7647,2.2218,0.0406091,0.0048144,0.02276,0.0000971,0.00096,0.0928505,0.152802,0.017838,0.306697,0.0351,0.129167,0.0301341,0.5909,0.0243635,0.74278,0.15713,0.0018883,0.26599,84.3856,0.123663,0.127938,0.16126,95.2
10/31/2005,0.74725,0.84631,1.19825,0.008576,0.7,0.77513,1.76805,2.2539,0.0404187,0.0047849,0.022178,0.0000988,0.00096,0.0927988,0.15377,0.0182066,0.302133,0.0352,0.12556,0.0297841,0.5901,0.0245248,0.73986,0.14891,0.0018377,0.26599,85.4902,0.123782,0.128991,0.16056,96.62
11/30/2005,0.73965,0.85712,1.17905,0.0083462,0.7038,0.7604,1.72925,2.2066,0.0407564,0.004654,0.021784,0.0000998,0.00096,0.094688,0.148245,0.0185117,0.301159,0.0348,0.123833,0.0298196,0.5912,0.0242689,0.73719,0.1547,0.0019376,0.26462,86.3939,0.123747,0.128956,0.15819,97.97
12/30/2005,0.7328,0.86022,1.1838,0.0084843,0.6827,0.75999,1.72295,2.3403,0.0406918,0.0046854,0.022209,0.0001018,0.00099,0.0940911,0.148179,0.0188572,0.307626,0.0347,0.125813,0.030453,0.6014,0.0243813,0.74096,0.15781,0.0019454,0.26462,86.0339,0.123888,0.128961,0.1586,97.59
1/31/2006,0.75845,0.87812,1.21465,0.0085284,0.6879,0.78168,1.77865,2.2156,0.0428174,0.0048258,0.022753,0.0001068,0.00104,0.0956631,0.150394,0.0191957,0.317834,0.0356,0.131686,0.0312647,0.6162,0.0257102,0.75563,0.16507,0.0018993,0.26669,84.1487,0.123959,0.128911,0.16272,95.5
2/28/2006,0.74255,0.87989,1.19295,0.0086382,0.6626,0.76289,1.75385,2.1351,0.0420858,0.0047088,0.022601,0.000109,0.00103,0.0953684,0.14826,0.0193611,0.315234,0.0356,0.126443,0.0308119,0.6166,0.0255722,0.76069,0.16207,0.0019331,0.26918,84.7252,0.124332,0.128891,0.15988,95.89
3/31/2006,0.71635,0.85594,1.21165,0.0084908,0.6155,0.76678,1.73725,2.172,0.0425731,0.0045903,0.022441,0.0001102,0.00103,0.0919396,0.152613,0.0195599,0.308928,0.036,0.1283,0.0307645,0.6189,0.0257699,0.74338,0.1621,0.001899,0.27167,85.1819,0.12468,0.128874,0.16237,96.66
4/28/2006,0.75955,0.89453,1.26325,0.0087854,0.6379,0.80766,1.82565,2.0888,0.0443066,0.0047865,0.022271,0.0001139,0.00106,0.0903489,0.162562,0.0193367,0.326073,0.0365,0.136078,0.0313372,0.6325,0.0266489,0.75694,0.16648,0.0019432,0.2759,81.8411,0.124761,0.128972,0.16934,92.96
5/31/2006,0.75205,0.9081,1.28175,0.0088822,0.6345,0.82109,1.87175,2.3001,0.0453535,0.0048723,0.021607,0.000108,0.00105,0.0884275,0.164382,0.0189179,0.325161,0.0371,0.138228,0.0312037,0.6329,0.0262158,0.63755,0.14842,0.0018755,0.27541,80.5207,0.124727,0.128893,0.17187,91.17
6/30/2006,0.7418,0.89582,1.27935,0.008739,0.6088,0.81766,1.84965,2.1639,0.0448833,0.0045167,0.021778,0.000108,0.00105,0.0883665,0.16073,0.0188288,0.314465,0.0369,0.138972,0.0308404,0.6318,0.0262089,0.62952,0.14102,0.0018544,0.27215,81.3474,0.125089,0.128758,0.17147,92.2
7/31/2006,0.76535,0.88347,1.27675,0.0087233,0.6176,0.81241,1.86785,2.1758,0.0448109,0.0046889,0.021494,0.00011,0.00105,0.0912076,0.162324,0.019425,0.323918,0.0372,0.138673,0.0304952,0.6332,0.0264445,0.66854,0.14414,0.0018489,0.27341,81.6031,0.125408,0.128693,0.1711,92.58
8/31/2006,0.7638,0.90592,1.28065,0.0085197,0.6562,0.81195,1.90395,2.1384,0.0453371,0.0046273,0.021508,0.0001097,0.00104,0.0916632,0.158125,0.0196773,0.324549,0.0374,0.137916,0.0304428,0.6358,0.0266134,0.68171,0.13874,0.0018513,0.27167,81.2594,0.125698,0.128581,0.17168,92.61
9/29/2006,0.74605,0.89445,1.26735,0.0084728,0.653,0.8,1.87248,2.1738,0.0447928,0.0046371,0.021839,0.0001087,0.00106,0.0910265,0.153102,0.0199481,0.31904,0.0374,0.136442,0.0302128,0.6299,0.026617,0.65941,0.12895,0.0018648,0.27119,81.9778,0.126465,0.128348,0.17008,93.44
10/31/2006,0.77395,0.89079,1.27655,0.0085558,0.6707,0.80392,1.90798,2.1426,0.0453638,0.0048964,0.022252,0.00011,0.00106,0.0930085,0.152961,0.0200763,0.32987,0.0374,0.138489,0.0300865,0.6425,0.0272591,0.68629,0.13566,0.001903,0.27454,81.5571,0.126899,0.128579,0.17126,92.86
11/30/2006,0.78875,0.87627,1.32395,0.0086389,0.6838,0.83452,1.96536,2.1664,0.0474901,0.0051586,0.022401,0.0001091,0.00108,0.0911236,0.162327,0.0201735,0.346993,0.038,0.146167,0.0309071,0.6496,0.0279057,0.68781,0.13973,0.0019002,0.27634,80.3233,0.127634,0.128563,0.1776,91.42
12/29/2006,0.78895,0.85807,1.31985,0.0084016,0.7047,0.82034,1.9589,2.1376,0.047957,0.0052488,0.022638,0.0001112,0.00108,0.0925626,0.160367,0.0203874,0.343903,0.0379,0.146045,0.0306899,0.6519,0.0282048,0.70656,0.14262,0.0018791,0.28309,81.5059,0.128059,0.128563,0.17699,92.92
1/31/2007,0.77645,0.84969,1.30325,0.008273,0.6898,0.80347,1.96435,2.1243,0.046322,0.005101,0.022673,0.0001099,0.00106,0.0909355,0.16012,0.0204792,0.333723,0.0377,0.14381,0.0303067,0.6509,0.0287563,0.70947,0.13882,0.0018355,0.28557,82.6043,0.128602,0.128092,0.17467,94.18
2/28/2007,0.78775,0.85455,1.32255,0.0084363,0.7008,0.82028,1.96307,2.1178,0.0468439,0.0051889,0.022635,0.0001095,0.00106,0.0894998,0.16293,0.020674,0.338364,0.0382,0.142882,0.030338,0.6542,0.0294507,0.70711,0.13828,0.0018537,0.28549,81.4785,0.129206,0.128008,0.17748,92.91
3/30/2007,0.80905,0.86693,1.33575,0.0084987,0.7145,0.82376,1.9675,2.05,0.0476894,0.0053859,0.023163,0.0001096,0.00106,0.0905535,0.164441,0.0207641,0.345054,0.0384,0.143273,0.0302087,0.6592,0.030955,0.71788,0.13769,0.0018538,0.28912,80.6145,0.129329,0.127977,0.17927,92.18
4/30/2007,0.8298,0.90106,1.36425,0.0083728,0.741,0.82823,1.99957,2.0335,0.0484273,0.0055015,0.024363,0.0001101,0.00107,0.0911818,0.168014,0.0209842,0.360075,0.0388,0.149194,0.0299837,0.658,0.0305111,0.72998,0.14257,0.0019029,0.29212,78.9927,0.129735,0.127838,0.18309,90.55
5/31/2007,0.82715,0.9348,1.34525,0.0082152,0.7365,0.81613,1.9804,1.9285,0.0475805,0.0053752,0.024729,0.0001132,0.00108,0.0930682,0.165774,0.0215796,0.352796,0.0386,0.144573,0.0301846,0.6541,0.0304368,0.75907,0.14043,0.0019027,0.29412,79.0429,0.130745,0.128074,0.18061,90.89
6/29/2007,0.85025,0.93888,1.35455,0.0081169,0.7717,0.81833,2.00787,1.9258,0.047081,0.0054807,0.024676,0.0001106,0.00108,0.0925283,0.169632,0.0216123,0.359144,0.0388,0.146447,0.0304507,0.6525,0.0314961,0.76132,0.14194,0.0018956,0.28954,78.7753,0.131328,0.127908,0.18189,90.9
7/31/2007,0.84975,0.93703,1.36795,0.0084413,0.7599,0.83281,2.02978,1.8772,0.0487424,0.0054251,0.024881,0.0001085,0.00109,0.0910183,0.171535,0.0219443,0.36036,0.0391,0.148507,0.0303868,0.6601,0.0336417,0.77767,0.13986,0.0019174,0.28927,77.7529,0.132009,0.127776,0.18385,89.43
8/31/2007,0.81855,0.94715,1.36305,0.0086371,0.7038,0.8273,2.01678,1.9616,0.0491932,0.0053322,0.024607,0.0001056,0.00107,0.0906585,0.171671,0.0216216,0.356608,0.039,0.145049,0.0302124,0.6553,0.0309071,0.76852,0.14018,0.0019093,0.28549,77.5069,0.13252,0.12824,0.18296,88.77
9/28/2007,0.88855,1.00563,1.42745,0.0087112,0.75775,0.8604,2.04695,1.8385,0.0518403,0.0056876,0.025214,0.0001093,0.00109,0.0914453,0.185622,0.0220994,0.37886,0.0401,0.155287,0.0305166,0.6729,0.0314465,0.82775,0.14545,0.001957,0.29347,74.5234,0.133209,0.128617,0.19143,85.73
10/31/2007,0.93175,1.05887,1.44725,0.0086704,0.7731,0.86292,2.08038,1.7436,0.0537028,0.0057733,0.025513,0.00011,0.00111,0.0938438,0.186133,0.022831,0.399154,0.0404,0.157379,0.0307692,0.6907,0.0315507,0.85778,0.15379,0.0020294,0.29963,72.7808,0.133824,0.129016,0.19416,84.17
11/30/2007,0.88455,1.0005,1.46405,0.0090013,0.76505,0.88355,2.0562,1.7833,0.0557414,0.005782,0.025303,0.0001067,0.00109,0.0915902,0.180486,0.0235849,0.404826,0.0411,0.156401,0.0308471,0.6902,0.0325203,0.84424,0.14722,0.0019765,0.297,73.1751,0.135153,0.128427,0.19634,83.96
12/31/2007,0.87555,1.0021,1.4588,0.0089534,0.766,0.88261,1.98635,1.7709,0.0550055,0.005766,0.025377,0.0001065,0.00107,0.091591,0.183898,0.0242248,0.406884,0.0408,0.154648,0.0308337,0.6935,0.03367,0.85237,0.14652,0.0020082,0.30216,73.3898,0.136891,0.12821,0.19563,84.24
1/31/2008,0.89585,0.99761,1.48485,0.0093981,0.7867,0.92404,1.98819,1.7599,0.0570223,0.0057511,0.025458,0.0001081,0.00106,0.0923719,0.184703,0.0247525,0.412116,0.0409,0.156784,0.0310791,0.7055,0.0321079,0.85273,0.13402,0.0021535,0.30899,72.5163,0.139214,0.128253,0.19922,83.03
2/29/2008,0.93165,1.01286,1.51705,0.0096348,0.7991,0.96015,1.9883,1.6829,0.0603355,0.0057409,0.025024,0.0001104,0.00106,0.0932462,0.191677,0.0247954,0.430682,0.0415,0.162142,0.0323457,0.7165,0.0326424,0.82332,0.1279,0.0021995,0.31291,70.9262,0.140617,0.128518,0.20361,81.06
3/31/2008,0.91365,0.97485,1.57625,0.0100095,0.7853,1.00513,1.98329,1.7487,0.0624649,0.0060463,0.025,0.0001086,0.00101,0.094022,0.19604,0.0240732,0.448451,0.0425,0.168064,0.0329056,0.726,0.0317712,0.75041,0.1234,0.0022879,0.31274,70.2785,0.142584,0.128483,0.21138,79.77
4/30/2008,0.94315,0.99344,1.56185,0.0096191,0.7815,0.966,1.98758,1.6868,0.061885,0.0061862,0.024715,0.0001084,0.001,0.095328,0.196614,0.0237079,0.452673,0.0423,0.16733,0.0328418,0.7371,0.0316306,0.78419,0.1323,0.0021638,0.31633,70.907,0.143072,0.128312,0.2093,81.13
5/30/2008,0.9564,1.00664,1.55565,0.0094773,0.7835,0.95942,1.98255,1.629,0.0621272,0.0064671,0.023719,0.0001073,0.00097,0.0968251,0.196005,0.0230176,0.460999,0.0423,0.166606,0.0328818,0.7338,0.0308309,0.81974,0.13147,0.0020814,0.30847,70.693,0.14402,0.128131,0.20852,81.17
6/30/2008,0.95825,0.97972,1.57545,0.0094264,0.7617,0.97953,1.99353,1.5915,0.0658805,0.006693,0.023274,0.0001085,0.00095,0.0970355,0.196537,0.0223065,0.469969,0.0426,0.166268,0.0329381,0.7355,0.0299177,0.81713,0.12735,0.001906,0.30658,70.9052,0.14587,0.128245,0.21126,81.27
7/31/2008,0.94135,0.97742,1.55975,0.0092717,0.7332,0.95456,1.98334,1.5662,0.0651084,0.00666,0.023493,0.0001096,0.00099,0.0996661,0.194913,0.0226372,0.484754,0.0427,0.165297,0.0326445,0.7313,0.0298285,0.86259,0.13648,0.0019831,0.30689,71.6781,0.146359,0.128175,0.20905,82.32
8/29/2008,0.85875,0.94003,1.4673,0.0091916,0.702,0.90794,1.82135,1.634,0.0592031,0.0061939,0.022795,0.0001093,0.00092,0.0972204,0.184383,0.0217226,0.440315,0.0407,0.155041,0.0316887,0.706,0.0292099,0.8436,0.12985,0.0019503,0.29457,75.0814,0.145992,0.128125,0.19674,85.46
9/30/2008,0.79435,0.94073,1.41155,0.0094344,0.67065,0.89222,1.78342,1.9139,0.0575705,0.0058326,0.021275,0.0001056,0.00083,0.0914804,0.170727,0.021182,0.415679,0.0396,0.144807,0.0310805,0.6966,0.0295377,0.78598,0.12064,0.0018104,0.29021,76.2594,0.146069,0.128751,0.18918,86.63
10/31/2008,0.66685,0.82617,1.27335,0.0101538,0.583,0.86274,1.60705,2.1149,0.0526981,0.0049741,0.020273,0.0000913,0.00078,0.077921,0.148838,0.0204708,0.360887,0.0377,0.128861,0.0303021,0.6743,0.0285266,0.64906,0.10227,0.0014908,0.28141,82.8947,0.146182,0.129029,0.17101,91.57
11/28/2008,0.65475,0.80736,1.26925,0.01046519,0.5492,0.82389,1.53834,2.3327,0.0500325,0.004896,0.02012,0.000082,0.00068,0.0745684,0.142704,0.0204666,0.335278,0.0365,0.123371,0.0300237,0.6606,0.0281889,0.63849,0.0992,0.0015136,0.27601,83.4209,0.146374,0.129021,0.17043,91.74
12/31/2008,0.70515,0.82041,1.39635,0.0110211,0.58265,0.93545,1.46032,2.3366,0.0520454,0.0052601,0.020595,0.0000907,0.00079,0.0724664,0.1436,0.0210659,0.33769,0.034,0.127544,0.0304553,0.6978,0.0287563,0.64872,0.10664,0.0015662,0.28933,79.5527,0.146542,0.129022,0.18759,87.93
1/30/2009,0.63765,0.81347,1.28115,0.0111253,0.5088,0.86185,1.45074,2.2757,0.0458589,0.0043053,0.020474,0.0000877,0.00072,0.0697121,0.14463,0.0213949,0.28875,0.0288,0.119798,0.0296569,0.6623,0.0285918,0.60798,0.098,0.001621,0.2771,82.8823,0.146284,0.128951,0.17189,90.31
2/27/2009,0.63885,0.78388,1.26705,0.01024119,0.5009,0.85463,1.43134,2.378,0.0450999,0.0042355,0.01957,0.0000832,0.00065,0.0655836,0.142308,0.0205297,0.273396,0.028,0.111049,0.0285657,0.6457,0.0276434,0.58806,0.09912,0.001676,0.271,85.2287,0.146144,0.128937,0.17016,93.74
3/31/2009,0.69095,0.79177,1.3243,0.01011069,0.5592,0.87816,1.43232,2.3148,0.048391,0.0042968,0.019763,0.0000866,0.00073,0.0705642,0.148236,0.0207211,0.285531,0.0294,0.121109,0.0294798,0.6569,0.0281809,0.60132,0.10479,0.0017123,0.27422,83.3376,0.146319,0.129026,0.17779,92.2
4/30/2009,0.72525,0.83731,1.32245,0.0101456,0.5633,0.8765,1.47805,2.1779,0.0493998,0.004588,0.020113,0.0000947,0.00078,0.0723825,0.152455,0.0207857,0.298659,0.0301,0.123993,0.0302151,0.6748,0.0283407,0.62586,0.11816,0.0017165,0.28086,81.6145,0.146563,0.129031,0.17755,90.46
5/29/2009,0.8012,0.9168,1.4154,0.010491,0.6403,0.93735,1.61845,1.9726,0.05252,0.0049904,0.021222,0.0000972,0.00079,0.07614,0.15897,0.02119,0.31405,0.0319,0.1325,0.03067,0.6924,0.02914,0.65115,0.12596,0.00177,0.28673,76.2504,0.14645,0.129,0.19005,85.15
6/30/2009,0.80695,0.86003,1.40355,0.01038099,0.64605,0.9208,1.64655,1.9512,0.0541,0.0051507,0.020942,0.000098,0.00078,0.07583,0.15551,0.02076,0.31505,0.032,0.12965,0.03043,0.6908,0.02936,0.64905,0.12925,0.00187,0.28449,77.8066,0.1464,0.129,0.18845,86.84
7/31/2009,0.83535,0.92769,1.425,0.0105619,0.6618,0.93585,1.67205,1.8722,0.05579,0.0053563,0.02091,0.0001008,0.00081,0.07582,0.1635,0.02082,0.34335,0.0315,0.1391,0.03047,0.6951,0.02939,0.67975,0.12885,0.00184,0.28389,75.0775,0.14636,0.129,0.19135,84.47
8/31/2009,0.84445,0.91345,1.43305,0.01074499,0.6859,0.944,1.6276,1.886,0.05628,0.0052625,0.020538,0.0000992,0.0008,0.07483,0.16624,0.02049,0.3499,0.0317,0.1404,0.03038,0.6938,0.02939,0.6664,0.12854,0.0018,0.28397,75.1441,0.1464,0.129,0.1925,83.7
9/30/2009,0.88365,0.93528,1.46365,0.01114349,0.7237,0.96535,1.6006,1.7777,0.05789,0.0054355,0.020949,0.0001036,0.00085,0.0740499,0.17321,0.02101,0.34825,0.0332,0.1435,0.03125,0.7096,0.0299,0.6739,0.13307,0.00182,0.28894,73.6421,0.14649,0.129,0.1966,82.06
10/30/2009,0.89935,0.92196,1.4718,0.0110985,0.7183,0.9742,1.64485,1.7436,0.05548,0.0053575,0.02131,0.0001047,0.00084,0.07564,0.17466,0.02106,0.3462,0.0341,0.141,0.03063,0.7141,0.02989,0.66385,0.12796,0.00188,0.29304,73.3631,0.14647,0.129,0.19785,81.91
11/30/2009,0.9151,0.94724,1.5009,0.011577,0.7157,0.9947,1.6454,1.7501,0.05737,0.0054755,0.021489,0.0001058,0.00086,0.07732,0.17619,0.02123,0.3609,0.0335,0.14335,0.03102,0.7224,0.03008,0.65325,0.13503,0.00201,0.29457,71.902,0.14647,0.129,0.20165,79.83
12/31/2009,0.89735,0.95057,1.43175,0.010762,0.72445,0.96555,1.61565,1.7408,0.05427,0.0052905,0.021547,0.0001061,0.00086,0.07645,0.17253,0.02151,0.3488,0.0331,0.1396,0.03126,0.7117,0.02998,0.66835,0.13496,0.00197,0.29206,74.0969,0.14648,0.12895,0.19245,82.96
1/29/2010,0.88465,0.93475,1.38635,0.01107249,0.70115,0.94275,1.60035,1.8744,0.0529,0.00511,0.02168,0.0001069,0.00086,0.0763699,0.16886,0.02151,0.34235,0.0329,0.13535,0.03128,0.7108,0.03014,0.668,0.13115,0.00191,0.29285,75.1883,0.14648,0.12875,0.18625,83.59
2/26/2010,0.8951,0.94971,1.36265,0.0112515,0.6978,0.9314,1.525,1.8106,0.05255,0.0050525,0.021689,0.0001071,0.00086,0.07829,0.16923,0.02165,0.34555,0.0333,0.1404,0.03112,0.7113,0.03025,0.64475,0.12994,0.00191,0.29388,75.3621,0.1465,0.12885,0.18305,83.74
3/31/2010,0.9167,0.98488,1.35115,0.0107,0.7106,0.949,1.51845,1.7806,0.05316,0.005089,0.022309,0.00011,0.00088,0.08075,0.1683,0.02214,0.3505,0.0341,0.1386,0.03146,0.7148,0.03091,0.6581,0.13725,0.00191,0.30661,75.4468,0.1465,0.1288,0.18145,84.37
4/30/2010,0.92465,0.98275,1.3298,0.010657,0.7272,0.9279,1.52705,1.7302,0.05188,0.0049405,0.022586,0.0001109,0.0009,0.08127,0.16938,0.02247,0.3385,0.0341,0.138,0.03192,0.7296,0.03092,0.67125,0.13537,0.00193,0.31393,75.9187,0.14652,0.1288,0.17865,84.9
5/31/2010,0.84655,0.95689,1.23055,0.010962,0.68055,0.8658,1.45385,1.8163,0.04825,0.0044725,0.021568,0.000109,0.00083,0.0773399,0.15476,0.02162,0.30225,0.0328,0.128,0.03126,0.7147,0.03075,0.63525,0.1303,0.00189,0.30661,79.1867,0.14646,0.12845,0.1654,87.62
6/30/2010,0.84,0.93932,1.2236,0.01131149,0.6848,0.92805,1.4949,1.8011,0.04762,0.00429,0.021531,0.0001103,0.00082,0.07727,0.15379,0.02157,0.29495,0.0321,0.12855,0.03098,0.7146,0.03085,0.63135,0.13034,0.00183,0.30826,78.853,0.14746,0.12845,0.16425,86.91
7/30/2010,0.90415,0.97111,1.3048,0.01156449,0.726,0.95995,1.56845,1.7568,0.05266,0.0045955,0.021549,0.0001118,0.00085,0.07907,0.16458,0.02198,0.3257,0.0331,0.1386,0.03126,0.7352,0.03102,0.66325,0.13704,0.00192,0.3141,75.4642,0.14762,0.12875,0.17505,83.5
8/31/2010,0.89085,0.93959,1.26865,0.01188049,0.6995,0.9857,1.5351,1.7556,0.05144,0.0044215,0.021247,0.0001106,0.00083,0.07577,0.15868,0.0221,0.31665,0.0326,0.1355,0.0312,0.7377,0.03198,0.655,0.13552,0.00199,0.31746,76.7694,0.1469,0.12855,0.17045,84.22
9/30/2010,0.9668,0.97177,1.3633,0.01198099,0.73435,1.01795,1.5713,1.6938,0.0554,0.0049315,0.022437,0.000112,0.00088,0.07933,0.17016,0.02278,0.3428,0.0329,0.14835,0.03205,0.7606,0.03295,0.691,0.14347,0.00207,0.32393,73.5379,0.14944,0.12885,0.18295,81.02
10/29/2010,0.98365,0.9815,1.395,0.0124385,0.76645,1.0181,1.60405,1.701,0.05663,0.0051405,0.02256,0.0001119,0.00089,0.08099,0.17096,0.02331,0.3515,0.0326,0.15,0.03267,0.773,0.0334,0.69815,0.14288,0.00204,0.32144,72.1363,0.14991,0.12895,0.18705,79.41
11/30/2010,0.95775,0.97414,1.298,0.011949,0.7427,0.99585,1.55525,1.7157,0.05202,0.004618,0.021834,0.0001107,0.00086,0.0800599,0.16097,0.02268,0.32235,0.0319,0.1422,0.03281,0.7575,0.03313,0.665,0.14055,0.00205,0.31571,74.7986,0.14999,0.12875,0.17415,82.51
12/31/2010,1.02175,1.00301,1.33795,0.01231299,0.7795,1.07065,1.56015,1.6658,0.05343,0.0048055,0.022365,0.0001109,0.00089,0.0809399,0.17163,0.02291,0.33725,0.0328,0.1489,0.03428,0.7794,0.03326,0.64855,0.15107,0.00214,0.32431,73.1983,0.15173,0.12865,0.17945,80.01
1/31/2011,0.9967,0.99875,1.3686,0.01218349,0.7714,1.0595,1.6015,1.673,0.05659,0.005016,0.021822,0.0001105,0.00089,0.08253,0.17308,0.02259,0.3482,0.0337,0.15495,0.03444,0.7817,0.03236,0.6234,0.13912,0.00207,0.32664,72.126,0.1514,0.12825,0.18365,79.66
2/28/2011,1.0186,1.02918,1.3802,0.0122275,0.75225,1.07625,1.6258,1.6608,0.05668,0.005092,0.022092,0.0001133,0.00089,0.08261,0.17857,0.02296,0.3487,0.0346,0.15795,0.03361,0.7864,0.03269,0.6255,0.1436,0.00211,0.32782,71.2063,0.15217,0.1284,0.18515,78.79
3/31/2011,1.0328,1.03071,1.41665,0.0120225,0.7615,1.0885,1.60325,1.6283,0.05772,0.00533,0.022454,0.0001148,0.00091,0.0840099,0.18055,0.02301,0.35195,0.0352,0.1582,0.03401,0.7931,0.03305,0.6471,0.14767,0.00209,0.33042,70.5466,0.1527,0.12855,0.19,78.43
4/29/2011,1.09675,1.05871,1.4802,0.01231099,0.8099,1.15515,1.67035,1.5729,0.06141,0.005601,0.022596,0.0001167,0.00094,0.08697,0.19047,0.02336,0.37645,0.0364,0.1655,0.03486,0.8167,0.03348,0.6574,0.15217,0.00217,0.33755,68.1937,0.15406,0.12875,0.1986,76.1
5/31/2011,1.06705,1.03252,1.43955,0.01226399,0.8238,1.1713,1.6451,1.5795,0.05863,0.0054035,0.022192,0.0001171,0.00093,0.08643,0.18587,0.02315,0.3645,0.0356,0.16205,0.03491,0.8107,0.03299,0.6272,0.14692,0.00215,0.33218,69.511,0.15433,0.12855,0.1931,77.21
6/30/2011,1.07225,1.03799,1.45065,0.0124175,0.8293,1.18995,1.60485,1.5607,0.05959,0.0054555,0.022371,0.0001165,0.00094,0.08539,0.18564,0.02307,0.36455,0.0356,0.1581,0.03481,0.8144,0.03256,0.6167,0.14768,0.00214,0.33119,69.1621,0.1547,0.1285,0.19445,76.98
7/29/2011,1.1005,1.05385,1.4331,0.0130285,0.87105,1.273,1.63745,1.5559,0.05954,0.0053265,0.022619,0.0001176,0.00095,0.08527,0.18594,0.02373,0.36015,0.0362,0.15945,0.03463,0.8306,0.03359,0.5922,0.14943,0.00219,0.33721,68.3016,0.15535,0.1283,0.1934,75.64
8/31/2011,1.0702,1.02255,1.43785,0.013053,0.85415,1.24085,1.6254,1.5868,0.05967,0.0052985,0.021834,0.0001172,0.00094,0.08108,0.18634,0.02356,0.34765,0.0347,0.15775,0.0345,0.8305,0.03339,0.58315,0.14289,0.00217,0.33524,68.8519,0.15676,0.12844,0.193,75.9567
9/30/2011,0.96635,0.95234,1.3386,0.012976,0.76095,1.1012,1.55845,1.854,0.05424,0.0045635,0.0204,0.0001137,0.00085,0.0719399,0.17049,0.02287,0.3029,0.0314,0.1456,0.03282,0.7649,0.03206,0.53755,0.12352,0.00192,0.31363,72.8128,0.15668,0.12846,0.17995,79.7828
10/31/2011,1.05365,1.0004,1.38575,0.012787,0.8064,1.1397,1.60905,1.6881,0.0557,0.004544,0.020536,0.0001129,0.0009,0.0748399,0.18006,0.02346,0.3151,0.0334,0.15375,0.0334,0.7969,0.03256,0.5643,0.12576,0.00204,0.32595,70.5181,0.15735,0.12872,0.18625,77.6882
11/30/2011,1.0276,0.98097,1.34435,0.0128935,0.77995,1.09445,1.56965,1.8105,0.05315,0.0044345,0.019182,0.0001097,0.00088,0.07329,0.17314,0.02291,0.2983,0.0319,0.14775,0.03298,0.78,0.03237,0.547,0.12318,0.00194,0.31462,72.3656,0.15677,0.12873,0.18075,79.2505
12/30/2011,1.02275,0.98073,1.29475,0.0129935,0.7788,1.0661,1.55375,1.8754,0.05062,0.004106,0.018862,0.0001103,0.00086,0.07166,0.16719,0.02281,0.28975,0.0312,0.14495,0.03302,0.771,0.03168,0.5305,0.12361,0.00193,0.31546,73.3325,0.15888,0.12876,0.1741,80.4277
1/31/2012,1.0616,0.99716,1.30785,0.013115,0.82485,1.08615,1.5758,1.7388,0.05165,0.004442,0.020196,0.0001112,0.00089,0.07665,0.1704,0.02332,0.3099,0.0329,0.147,0.03375,0.7948,0.03227,0.5627,0.12781,0.00203,0.32879,72.6024,0.1585,0.12895,0.17595,79.1968
2/29/2012,1.07315,1.01056,1.3326,0.012323,0.834,1.10585,1.5917,1.7089,0.05353,0.0046115,0.020362,0.0001108,0.00089,0.0778199,0.17891,0.02338,0.323,0.0345,0.15115,0.03402,0.7993,0.03284,0.57165,0.1333,0.00208,0.33384,72.1441,0.15889,0.12893,0.17925,79.5484
3/30/2012,1.03455,1.0021,1.3344,0.012075,0.8185,1.1083,1.6013,1.8218,0.0538,0.004529,0.019656,0.0001093,0.00088,0.07808,0.17566,0.02329,0.3213,0.0341,0.1512,0.03388,0.795,0.03242,0.561,0.13034,0.00205,0.32661,72.7416,0.15878,0.12877,0.17935,80.4097
4/30/2012,1.04255,1.01302,1.32405,0.01253249,0.818,1.10205,1.62325,1.8915,0.05313,0.0046185,0.018988,0.0001088,0.00088,0.07683,0.17478,0.02372,0.31715,0.0341,0.1487,0.0343,0.8081,0.03253,0.56915,0.12874,0.00206,0.33053,72.2664,0.15848,0.12889,0.17795,79.5144
5/31/2012,0.97295,0.96773,1.23585,0.0127605,0.75295,1.0289,1.54045,2.022,0.04805,0.004109,0.017844,0.0001064,0.00085,0.06958,0.16348,0.02302,0.28135,0.0308,0.13755,0.03348,0.7759,0.03138,0.5359,0.11727,0.00194,0.31529,75.5934,0.15702,0.12883,0.16635,82.4039
6/29/2012,1.024,0.98362,1.266,0.0125305,0.80165,1.05425,1.57085,2.021,0.04963,0.004426,0.018015,0.0001065,0.00088,0.07487,0.16783,0.02385,0.29855,0.0304,0.14445,0.03356,0.7904,0.03168,0.55255,0.12248,0.002,0.31541,74.4748,0.15739,0.12891,0.17025,81.5347
7/31/2012,1.0502,0.99691,1.23035,0.01280049,0.8088,1.02415,1.56775,2.0496,0.04858,0.0043655,0.017998,0.0001058,0.00088,0.07499,0.16574,0.02396,0.29895,0.0311,0.147,0.03339,0.8031,0.03173,0.5571,0.12113,0.00207,0.32005,74.5718,0.15718,0.12896,0.16535,81.4193
8/31/2012,1.0322,1.01369,1.2577,0.01275749,0.8035,1.047,1.58665,2.0369,0.0506,0.004425,0.01801,0.0001048,0.00088,0.07575,0.17247,0.02374,0.30165,0.031,0.15095,0.03346,0.8016,0.03191,0.5499,0.11905,0.00208,0.32005,73.5761,0.15752,0.12894,0.16885,80.4269
9/28/2012,1.03785,1.01647,1.28585,0.0128335,0.83005,1.06395,1.61665,2.0303,0.05116,0.004506,0.018919,0.0001044,0.0009,0.07774,0.17466,0.024,0.3124,0.0321,0.1523,0.03411,0.8146,0.03244,0.55665,0.12032,0.00211,0.32717,72.7134,0.15912,0.12896,0.17245,79.5426
10/31/2012,1.03755,1.0001,1.296,0.0125315,0.8225,1.0735,1.61295,2.031,0.05165,0.0045715,0.018585,0.0001041,0.00092,0.07635,0.17537,0.02433,0.31315,0.0317,0.15075,0.03424,0.8195,0.03257,0.55755,0.11533,0.00208,0.3283,72.7134,0.16033,0.12903,0.1737,80.3598
